City_ID,City,Lat,Lng,Max Temp,Humidity,Cloudiness,Wind Speed,Country,Date
0,Sao Filipe,14.8961,-24.4956,73.13,73,0,6.13,CV,2022-02-05 00:44:49
1,Mataura,-46.1927,168.8643,55.47,40,20,3.2,NZ,2022-02-05 00:44:50
2,Rikitea,-23.1203,-134.9692,79.03,67,5,5.95,PF,2022-02-05 00:44:14
3,Kota Belud,6.351,116.4305,80.46,66,100,3.42,MY,2022-02-05 00:44:50
4,Te Anau,-45.4167,167.7167,61.32,42,6,4.79,NZ,2022-02-05 00:44:51
5,Punta Arenas,-53.15,-70.9167,51.91,62,0,3.44,CL,2022-02-05 00:44:51
6,Conde,-7.2597,-34.9075,80.06,78,20,6.91,BR,2022-02-05 00:44:51
7,Villa Carlos Paz,-31.4241,-64.4978,68.4,35,0,3.0,AR,2022-02-05 00:44:52
8,Puerto Ayora,-0.7393,-90.3518,75.54,91,70,5.01,EC,2022-02-05 00:44:15
9,Kalmunai,7.4167,81.8167,72.64,81,89,1.7,LK,2022-02-05 00:44:52
10,Mill Valley,37.906,-122.545,63.25,51,4,1.01,US,2022-02-05 00:44:53
11,Bluff,-46.6,168.3333,55.8,57,65,6.06,NZ,2022-02-05 00:44:53
12,Kendari,-3.945,122.4989,81.79,79,100,4.43,ID,2022-02-05 00:44:53
13,Poum,-20.2333,164.0167,81.52,77,97,18.57,NC,2022-02-05 00:44:54
14,Sitka,57.0531,-135.33,42.69,87,100,3.44,US,2022-02-05 00:44:54
15,Beloha,-25.1667,45.05,74.37,87,42,15.48,MG,2022-02-05 00:44:54
16,Taksimo,56.3444,114.8794,-9.2,91,64,3.0,RU,2022-02-05 00:44:55
17,Nanortalik,60.1432,-45.2371,11.86,66,100,38.52,GL,2022-02-05 00:44:55
18,Inuvik,68.3499,-133.7218,-19.19,76,0,4.61,CA,2022-02-05 00:44:56
19,Salalah,17.0151,54.0924,69.89,68,20,1.14,OM,2022-02-05 00:44:56
20,Nikolskoye,59.7035,30.7861,19.29,89,99,12.03,RU,2022-02-05 00:44:56
21,Martinsville,36.6915,-79.8725,53.42,77,100,8.05,US,2022-02-05 00:44:09
22,Hobart,-42.8794,147.3294,67.12,78,75,6.91,AU,2022-02-05 00:44:57
23,Barcelona,41.3888,2.159,55.54,85,75,4.61,ES,2022-02-05 00:42:41
24,Lebu,-37.6167,-73.65,57.79,87,51,16.91,CL,2022-02-05 00:44:57
25,Souillac,-20.5167,57.5167,80.37,86,99,17.0,MU,2022-02-05 00:44:58
26,Hamilton,39.1834,-84.5333,24.24,68,100,6.91,US,2022-02-05 00:44:18
27,Cape Town,-33.9258,18.4232,64.89,68,0,5.01,ZA,2022-02-05 00:42:06
28,Lages,-27.8161,-50.3261,65.35,99,99,1.81,BR,2022-02-05 00:44:58
29,Makokou,0.5738,12.8642,69.93,90,100,1.19,GA,2022-02-05 00:44:59
30,Butaritari,3.0707,172.7902,82.45,77,18,18.81,KI,2022-02-05 00:44:59
31,Broken Hill,-31.95,141.4333,74.91,38,72,18.41,AU,2022-02-05 00:45:00
32,Kapaa,22.0752,-159.319,79.12,73,40,1.01,US,2022-02-05 00:45:00
33,Dakar,14.6937,-17.4441,70.68,88,0,4.61,SN,2022-02-05 00:45:00
34,Lompoc,34.6391,-120.4579,65.12,49,0,10.36,US,2022-02-05 00:42:29
35,Takayama,36.1333,137.25,29.28,88,100,5.82,JP,2022-02-05 00:42:05
36,Nelson Bay,-32.7167,152.15,76.28,59,49,4.0,AU,2022-02-05 00:45:01
37,Alofi,-19.0595,-169.9187,82.29,83,100,10.36,NU,2022-02-05 00:45:02
38,Weatherford,32.7593,-97.7972,32.56,90,5,5.5,US,2022-02-05 00:43:49
39,Jamestown,42.097,-79.2353,19.09,51,100,3.44,US,2022-02-05 00:44:18
40,Port Alfred,-33.5906,26.891,68.74,81,98,7.18,ZA,2022-02-05 00:45:02
41,Ushuaia,-54.8,-68.3,51.46,62,0,11.5,AR,2022-02-05 00:40:11
42,Yellowknife,62.456,-114.3525,-26.72,79,40,2.3,CA,2022-02-05 00:44:53
43,Constitucion,-35.3333,-72.4167,59.29,87,0,14.23,CL,2022-02-05 00:45:03
44,Leningradskiy,69.3833,178.4167,-15.03,92,75,8.93,RU,2022-02-05 00:45:03
45,Aksha,50.2814,113.2867,3.67,81,97,7.63,RU,2022-02-05 00:45:04
46,Nizhniy Odes,63.6445,54.856,-8.66,100,100,1.57,RU,2022-02-05 00:45:04
47,Hermanus,-34.4187,19.2345,62.91,69,2,18.19,ZA,2022-02-05 00:46:05
48,Vaini,-21.2,-175.2,77.16,100,100,11.5,TO,2022-02-05 00:46:05
49,Busselton,-33.65,115.3333,83.26,32,2,4.45,AU,2022-02-05 00:46:06
50,Lagoa,39.05,-27.9833,57.96,82,93,21.74,PT,2022-02-05 00:46:06
51,Tebingtinggi,3.3285,99.1625,80.11,91,100,2.42,ID,2022-02-05 00:46:06
52,Grand Gaube,-20.0064,57.6608,80.38,82,98,8.99,MU,2022-02-05 00:46:07
53,Codrington,-38.2667,141.9667,70.63,52,94,13.24,AU,2022-02-05 00:44:24
54,Ponta Delgada,37.7333,-25.6667,60.49,77,40,8.05,PT,2022-02-05 00:46:07
55,Upernavik,72.7868,-56.1549,1.2,96,100,6.15,GL,2022-02-05 00:46:08
56,Dothan,31.2232,-85.3905,46.31,93,100,3.0,US,2022-02-05 00:46:08
57,Hilo,19.7297,-155.09,78.62,76,100,6.91,US,2022-02-05 00:44:10
58,Albany,42.6001,-73.9662,20.26,86,100,5.66,US,2022-02-05 00:46:09
59,Bengkulu,-3.8004,102.2655,73.81,91,100,2.91,ID,2022-02-05 00:46:09
60,Castro,-24.7911,-50.0119,65.46,98,80,3.44,BR,2022-02-05 00:46:09
61,Chuy,-33.6971,-53.4616,69.39,94,0,5.26,UY,2022-02-05 00:46:10
62,Avarua,-21.2078,-159.775,82.45,83,40,13.8,CK,2022-02-05 00:46:10
63,Kavaratti,10.5669,72.642,77.65,59,100,4.56,IN,2022-02-05 00:46:11
64,Andenes,69.3143,16.1194,26.58,80,75,18.41,NO,2022-02-05 00:46:11
65,Ancud,-41.8697,-73.8203,58.53,87,13,2.68,CL,2022-02-05 00:46:12
66,Taquari,-29.7997,-51.8644,77.68,98,5,1.77,BR,2022-02-05 00:43:08
67,Yanam,16.7333,82.2167,70.2,98,34,2.82,IN,2022-02-05 00:46:12
68,Cairns,-16.9167,145.7667,87.3,78,100,13.8,AU,2022-02-05 00:46:12
69,Abapo,-18.8333,-63.4667,67.75,91,36,2.33,BO,2022-02-05 00:46:13
70,Zhigansk,66.7697,123.3711,-30.44,99,99,5.14,RU,2022-02-05 00:46:13
71,Dunedin,-45.8742,170.5036,58.8,51,100,4.0,NZ,2022-02-05 00:44:32
72,Marshall,34.3834,-86.3333,34.11,75,100,1.01,US,2022-02-05 00:42:21
73,Ambilobe,-13.2,49.05,75.54,92,100,11.07,MG,2022-02-05 00:43:56
74,Provideniya,64.3833,-173.3,4.3,60,3,10.65,RU,2022-02-05 00:46:14
75,Dikson,73.5069,80.5464,-1.43,94,100,6.53,RU,2022-02-05 00:46:15
76,Georgetown,5.4112,100.3354,79.9,94,20,0.0,MY,2022-02-05 00:41:21
77,Waddan,29.1614,16.139,49.84,47,0,5.3,LY,2022-02-05 00:46:15
78,Tiksi,71.6872,128.8694,-21.68,98,77,7.18,RU,2022-02-05 00:46:16
79,Rock Springs,41.5875,-109.2029,33.24,37,0,26.46,US,2022-02-05 00:46:16
80,Klaksvik,62.2266,-6.589,36.52,53,94,28.16,FO,2022-02-05 00:43:53
81,Khyriv,49.5333,22.8524,34.5,79,86,11.59,UA,2022-02-05 00:46:17
82,Necochea,-38.5473,-58.7368,59.04,82,100,16.15,AR,2022-02-05 00:46:17
83,Oranjestad,12.524,-70.027,78.75,73,20,14.97,AW,2022-02-05 00:46:17
84,Kuching,1.55,110.3333,79.02,94,20,2.3,MY,2022-02-05 00:44:21
85,Benghazi,32.1167,20.0667,55.6,67,3,7.85,LY,2022-02-05 00:46:18
86,East London,-33.0153,27.9116,68.86,85,100,7.43,ZA,2022-02-05 00:46:19
87,Cidreira,-30.1811,-50.2056,73.0,91,24,4.97,BR,2022-02-05 00:46:19
88,Vao,-22.6667,167.4833,80.24,87,100,14.76,NC,2022-02-05 00:46:19
89,Sinnamary,5.3833,-52.95,76.46,88,93,8.48,GF,2022-02-05 00:47:20
90,Tsiroanomandidy,-18.7667,46.0333,66.96,97,55,4.88,MG,2022-02-05 00:47:20
91,Barrow,71.2906,-156.7887,-20.18,69,100,9.22,US,2022-02-05 00:47:21
92,Berlevag,70.8578,29.0864,22.14,84,100,29.97,NO,2022-02-05 00:47:21
93,Saint-Joseph,-21.3667,55.6167,79.16,84,100,22.86,RE,2022-02-05 00:47:22
94,Bacolod,10.6667,122.95,79.57,76,97,14.99,PH,2022-02-05 00:44:54
95,Vaitape,-16.5167,-151.75,80.6,75,28,13.65,PF,2022-02-05 00:47:23
96,Cherskiy,68.75,161.3,-30.91,97,11,4.72,RU,2022-02-05 00:47:23
97,Polovinnoye,54.7914,65.9864,20.68,81,100,10.51,RU,2022-02-05 00:47:23
98,Batemans Bay,-35.7167,150.1833,70.92,64,61,11.7,AU,2022-02-05 00:47:24
99,Opuwo,-18.0607,13.84,68.81,50,100,3.56,NA,2022-02-05 00:47:24
100,Cabo San Lucas,22.8909,-109.9124,70.9,62,0,4.61,MX,2022-02-05 00:47:25
101,Cockburn Town,21.4612,-71.1419,75.16,73,40,11.5,TC,2022-02-05 00:47:25
102,Aksu,41.1231,80.2644,25.9,71,97,5.86,CN,2022-02-05 00:47:25
103,Aklavik,68.2191,-135.0107,-19.37,69,0,8.05,CA,2022-02-05 00:47:26
104,Novo Aripuana,-5.1206,-60.3797,73.98,98,100,2.33,BR,2022-02-05 00:47:26
105,Margate,51.3813,1.3862,40.95,79,0,3.0,GB,2022-02-05 00:47:27
106,Mehamn,71.0357,27.8492,19.96,88,100,31.52,NO,2022-02-05 00:47:27
107,Pisco,-13.7,-76.2167,68.05,83,0,18.41,PE,2022-02-05 00:47:28
108,Thaton,16.9206,97.3714,73.2,60,58,3.4,MM,2022-02-05 00:47:28
109,Flin Flon,54.7682,-101.865,-13.16,64,100,3.44,CA,2022-02-05 00:47:28
110,Gold Coast,-28.0,153.4333,80.35,73,75,11.01,AU,2022-02-05 00:43:59
111,Victoria,22.2855,114.1577,58.32,78,100,5.01,HK,2022-02-05 00:43:03
112,Pacific Grove,36.6177,-121.9166,66.4,54,0,3.0,US,2022-02-05 00:43:16
113,Khatanga,71.9667,102.5,-36.27,100,86,2.51,RU,2022-02-05 00:47:29
114,Saquarema,-22.92,-42.5103,78.82,92,100,10.8,BR,2022-02-05 00:47:30
115,Bredasdorp,-34.5322,20.0403,67.32,64,92,12.66,ZA,2022-02-05 00:44:21
116,Westport,41.1415,-73.3579,33.8,91,100,4.0,US,2022-02-05 00:47:30
117,Kununurra,-15.7667,128.7333,82.38,89,75,5.75,AU,2022-02-05 00:47:31
118,Mar Del Plata,-38.0023,-57.5575,69.1,83,100,3.0,AR,2022-02-05 00:44:26
119,Katsuura,35.1333,140.3,48.18,44,95,12.33,JP,2022-02-05 00:47:31
120,Los Llanos De Aridane,28.6585,-17.9182,58.75,81,0,8.99,ES,2022-02-05 00:47:32
121,Agirish,61.9247,63.0231,0.91,96,100,1.61,RU,2022-02-05 00:47:32
122,Hithadhoo,-0.6,73.0833,81.61,73,99,10.51,MV,2022-02-05 00:47:32
123,Geraldton,-28.7667,114.6,99.12,11,0,17.27,AU,2022-02-05 00:47:33
124,Syracuse,37.0881,15.2792,52.32,76,48,8.61,IT,2022-02-05 00:47:33
125,Balatonalmadi,47.0353,18.0208,40.89,65,100,5.86,HU,2022-02-05 00:47:34
126,Severo-Kurilsk,50.6789,156.125,31.17,88,90,8.39,RU,2022-02-05 00:47:34
127,Fernley,39.608,-119.2518,52.66,39,22,4.27,US,2022-02-05 00:46:32
128,Teguise,29.0605,-13.564,62.82,72,0,9.22,ES,2022-02-05 00:47:35
129,Carnarvon,-24.8667,113.6333,91.47,19,13,12.66,AU,2022-02-05 00:47:35
130,Yining,29.0361,114.5636,40.84,76,1,1.48,CN,2022-02-05 00:47:35
131,Homestead,25.4687,-80.4776,74.01,86,0,4.61,US,2022-02-05 00:47:36
132,Hasaki,35.7333,140.8333,41.4,39,2,22.37,JP,2022-02-05 00:47:36
133,Nuuk,64.1835,-51.7216,7.41,78,100,6.91,GL,2022-02-05 00:47:37
134,Tilichiki,60.4667,166.1,-3.03,75,100,9.4,RU,2022-02-05 00:47:37
135,New Norfolk,-42.7826,147.0587,66.76,56,94,4.76,AU,2022-02-05 00:44:16
136,Hambantota,6.1241,81.1185,73.74,100,20,3.44,LK,2022-02-05 00:48:38
137,Moose Factory,51.2585,-80.6094,-7.6,59,100,4.61,CA,2022-02-05 00:43:52
138,Adrar,20.5022,-10.0711,64.65,11,0,9.6,MR,2022-02-05 00:48:38
139,Atambua,-9.1061,124.8925,79.68,78,100,3.09,ID,2022-02-05 00:48:39
140,Marawi,7.9986,124.2928,70.65,74,86,4.0,PH,2022-02-05 00:48:39
141,The Valley,18.217,-63.0578,72.82,81,100,15.79,AI,2022-02-05 00:48:39
142,Tasiilaq,65.6145,-37.6368,24.96,73,100,40.26,GL,2022-02-05 00:48:40
143,Bani,18.2833,-70.3333,72.84,76,2,14.88,DO,2022-02-05 00:48:40
144,Port Hardy,50.6996,-127.4199,44.78,87,100,9.22,CA,2022-02-05 00:48:40
145,Progreso,21.2833,-89.6667,77.11,86,63,10.94,MX,2022-02-05 00:46:40
146,Caravelas,-17.7125,-39.2481,77.2,85,100,7.23,BR,2022-02-05 00:48:41
147,Rivers,50.0308,-100.2403,-10.25,91,100,7.29,CA,2022-02-05 00:48:41
148,Baturaja,-4.1333,104.1667,72.54,99,100,2.06,ID,2022-02-05 00:48:42
149,Mildura,-34.2,142.15,83.07,34,100,13.8,AU,2022-02-05 00:48:42
150,Fuengirola,36.54,-4.6247,62.6,43,20,19.57,ES,2022-02-05 00:48:43
151,Ruteng,-8.6136,120.4721,70.9,78,97,2.39,ID,2022-02-05 00:48:43
152,Qaanaaq,77.484,-69.3632,0.68,70,100,6.96,GL,2022-02-05 00:48:44
153,Yatou,37.15,122.3833,27.9,44,68,15.88,CN,2022-02-05 00:48:44
154,Riyadh,24.6877,46.7219,68.14,39,2,16.98,SA,2022-02-05 00:45:47
155,Atuona,-9.8,-139.0333,78.39,77,30,15.57,PF,2022-02-05 00:42:29
156,Longyearbyen,78.2186,15.6401,17.44,62,40,27.63,SJ,2022-02-05 00:48:44
157,Roding,49.1964,12.5186,42.03,83,94,12.39,DE,2022-02-05 00:48:45
158,Turki,51.987,43.2731,14.23,96,83,8.5,RU,2022-02-05 00:48:45
159,Varkaus,62.3153,27.873,19.51,90,100,16.02,FI,2022-02-05 00:48:46
160,Thessalon,46.2501,-83.5666,7.56,92,99,4.38,CA,2022-02-05 00:48:46
161,Challapata,-18.9,-66.7667,51.26,72,100,5.82,BO,2022-02-05 00:48:46
162,Santiago,-33.4569,-70.6483,75.29,41,0,14.97,CL,2022-02-05 00:44:46
163,Airai,-8.9266,125.4092,70.25,70,100,1.63,TL,2022-02-05 00:48:47
164,Mabaruma,8.2,-59.7833,72.95,90,10,3.6,GY,2022-02-05 00:48:47
165,Bonfim,3.0833,-59.95,79.84,67,100,3.62,BR,2022-02-05 00:48:48
166,Chokurdakh,70.6333,147.9167,-30.78,100,16,1.72,RU,2022-02-05 00:48:48
167,Port Arthur,38.8,121.2667,25.02,41,41,18.07,CN,2022-02-05 00:48:48
168,Iqaluit,63.7506,-68.5145,-16.87,52,75,8.05,CA,2022-02-05 00:48:49
169,Ilulissat,69.2167,-51.1,12.22,62,40,16.11,GL,2022-02-05 00:48:49
170,Bouillon,49.7932,5.067,36.16,97,100,5.86,BE,2022-02-05 00:48:50
171,Yermakovskoye,53.2831,92.4003,-3.98,97,100,2.53,RU,2022-02-05 00:48:50
172,Saint-Augustin,51.226,-58.6502,-7.73,84,100,9.78,CA,2022-02-05 00:48:50
173,Kidal,18.4411,1.4078,58.98,17,0,10.67,ML,2022-02-05 00:48:51
174,Kodiak,57.79,-152.4072,38.71,81,75,4.61,US,2022-02-05 00:48:51
175,Faya,18.3851,42.4509,55.51,89,17,6.13,SA,2022-02-05 00:48:52
176,Santa Maria,-29.6842,-53.8069,78.1,89,40,4.61,BR,2022-02-05 00:44:48
177,Alta Floresta,-9.8756,-56.0861,73.76,92,49,2.48,BR,2022-02-05 00:48:52
178,Kavieng,-2.5744,150.7967,83.61,69,100,4.99,PG,2022-02-05 00:48:52
179,Sampit,-2.5333,112.95,78.51,89,100,1.52,ID,2022-02-05 00:48:53
180,Jaguarari,-10.2639,-40.1958,72.01,71,98,5.82,BR,2022-02-05 00:48:53
181,Saint-Pierre,-21.3393,55.4781,80.24,83,100,5.75,RE,2022-02-05 00:48:54
182,Matara,5.9485,80.5353,72.01,90,44,5.14,LK,2022-02-05 00:49:54
183,Riohacha,11.5444,-72.9072,77.0,77,0,14.34,CO,2022-02-05 00:49:54
184,Muskegon,43.3,-86.1334,18.9,80,100,4.61,US,2022-02-05 00:49:55
185,Canberra,-35.2835,149.1281,68.45,56,75,13.8,AU,2022-02-05 00:46:40
186,Oranjemund,-28.55,16.4333,63.27,87,2,11.36,NA,2022-02-05 00:49:55
187,Baymak,52.5933,58.3225,14.09,98,100,5.03,RU,2022-02-05 00:49:56
188,Muravlenko,63.7898,74.523,4.66,97,81,13.71,RU,2022-02-05 00:49:56
189,Dingle,10.9995,122.6711,76.64,84,98,13.29,PH,2022-02-05 00:49:56
190,Mount Gambier,-37.8333,140.7667,71.51,49,40,14.97,AU,2022-02-05 00:49:57
191,Sokol,59.4617,40.1206,-6.27,100,100,2.42,RU,2022-02-05 00:49:57
192,Deputatskiy,69.3,139.9,-28.91,100,62,2.48,RU,2022-02-05 00:49:57
193,Coahuayana,18.7333,-103.6833,83.68,71,5,2.1,MX,2022-02-05 00:49:58
194,Davila,18.4726,120.5763,76.98,78,39,26.11,PH,2022-02-05 00:49:58
195,Thinadhoo,0.5333,72.9333,81.55,74,100,11.7,MV,2022-02-05 00:49:59
196,Hanzhong,33.0728,107.0303,39.79,75,100,2.37,CN,2022-02-05 00:49:59
197,Mazamari,-11.3258,-74.5308,71.2,94,57,1.99,PE,2022-02-05 00:49:59
198,Sinaloa,25.0,-107.5,73.85,46,0,4.43,MX,2022-02-05 00:50:00
199,Chara,56.9064,118.2631,-14.91,86,91,1.21,RU,2022-02-05 00:50:00
200,Yarada,17.65,83.2667,71.92,100,40,2.3,IN,2022-02-05 00:50:01
201,Zaragoza,41.6561,-0.8773,53.02,66,0,11.01,ES,2022-02-05 00:50:01
202,Fort Nelson,58.8053,-122.7002,-9.81,77,100,2.3,CA,2022-02-05 00:45:21
203,San Cristobal,7.7669,-72.225,73.58,91,59,1.77,VE,2022-02-05 00:50:02
204,Mahebourg,-20.4081,57.7,79.25,86,88,19.17,MU,2022-02-05 00:50:02
205,Bethel,41.3712,-73.414,32.47,85,100,5.75,US,2022-02-05 00:50:03
206,Kirensk,57.7853,108.1119,6.51,97,99,4.9,RU,2022-02-05 00:50:03
207,Sept-Iles,50.2001,-66.3821,0.12,64,100,7.0,CA,2022-02-05 00:50:02
208,Heilbron,-27.2812,27.9709,58.55,95,100,20.92,ZA,2022-02-05 00:50:04
209,Aykhal,66.0,111.5,-25.94,100,90,5.03,RU,2022-02-05 00:50:04
210,San Patricio,28.017,-97.5169,46.49,63,6,15.97,US,2022-02-05 00:50:05
211,Corrales,35.2378,-106.6067,34.29,51,0,1.01,US,2022-02-05 00:50:05
212,Bayan,46.0833,127.4,-4.54,94,92,4.68,CN,2022-02-05 00:50:05
213,Guerrero Negro,27.9769,-114.0611,63.14,27,0,7.2,MX,2022-02-05 00:50:06
214,Kruisfontein,-34.0033,24.7314,64.89,78,28,4.59,ZA,2022-02-05 00:50:06
215,Shinjo,38.7586,140.3008,29.28,79,100,15.88,JP,2022-02-05 00:50:07
216,Morant Bay,17.8815,-76.4093,80.22,79,22,10.36,JM,2022-02-05 00:50:07
217,Pevek,69.7008,170.3133,-23.44,100,100,5.28,RU,2022-02-05 00:44:21
218,Avera,33.194,-82.5271,56.08,85,100,10.16,US,2022-02-05 00:46:07
219,Hadejia,12.4498,10.0444,60.39,18,0,10.02,NG,2022-02-05 00:50:08
220,Port Elizabeth,-33.918,25.5701,67.1,82,40,6.91,ZA,2022-02-05 00:50:08
221,Elizabeth City,36.2946,-76.2511,62.62,90,100,14.36,US,2022-02-05 00:50:08
222,Ribeira Grande,38.5167,-28.7,59.18,81,28,15.19,PT,2022-02-05 00:44:19
223,Esperance,-33.8667,121.9,75.04,51,4,11.43,AU,2022-02-05 00:50:09
224,Anadyr,64.75,177.4833,16.3,35,0,20.13,RU,2022-02-05 00:50:09
225,Cordoba,-31.4135,-64.1811,71.76,61,20,6.91,AR,2022-02-05 00:50:10
226,Carupano,10.6678,-63.2585,74.97,86,0,9.42,VE,2022-02-05 00:50:10
227,Yingcheng,30.95,113.55,33.85,64,5,9.6,CN,2022-02-05 00:51:11
228,Honiara,-9.4333,159.95,86.22,72,100,6.64,SB,2022-02-05 00:51:11
229,Portland,45.5234,-122.6762,50.85,87,100,1.01,US,2022-02-05 00:49:23
230,Lingao,19.9103,109.6859,61.65,83,100,14.79,CN,2022-02-05 00:51:12
231,Mitsamiouli,-11.3847,43.2844,81.7,76,100,11.83,KM,2022-02-05 00:51:12
232,Xining,36.6167,101.7667,13.91,82,100,1.32,CN,2022-02-05 00:51:13
233,Abangay,10.9667,122.65,76.98,84,97,14.34,PH,2022-02-05 00:51:13
234,Hami,42.8,93.45,22.37,37,100,1.28,CN,2022-02-05 00:51:13
235,Auki,-8.7676,160.7034,83.16,81,100,7.96,SB,2022-02-05 00:51:14
236,Medea,36.2642,2.7539,34.25,40,100,3.67,DZ,2022-02-05 00:51:14
237,Vestmanna,62.1564,-7.1664,34.72,51,75,19.57,FO,2022-02-05 00:51:14
238,Shimoda,34.6667,138.95,44.96,59,7,28.66,JP,2022-02-05 00:51:15
239,Axim,4.8699,-2.2405,78.39,83,0,4.43,GH,2022-02-05 00:51:15
240,Tuktoyaktuk,69.4541,-133.0374,-23.8,76,0,12.66,CA,2022-02-05 00:51:16
241,Kuantan,3.8077,103.326,77.11,88,40,8.05,MY,2022-02-05 00:51:16
242,Pontes E Lacerda,-15.2261,-59.3353,73.35,90,29,2.68,BR,2022-02-05 00:51:15
243,Warrenton,-28.114,24.8475,64.98,83,0,8.14,ZA,2022-02-05 00:46:38
244,Coquimbo,-29.9533,-71.3436,66.16,78,0,1.86,CL,2022-02-05 00:51:17
245,Makushino,55.2103,67.2442,19.99,82,100,9.66,RU,2022-02-05 00:51:17
246,Arcata,40.8665,-124.0828,52.41,81,0,1.01,US,2022-02-05 00:49:52
247,Basco,20.4487,121.9702,72.43,75,100,28.63,PH,2022-02-05 00:51:18
248,Yumen,40.2833,97.2,14.56,38,100,13.02,CN,2022-02-05 00:51:18
249,Bambous Virieux,-20.3428,57.7575,79.21,86,90,18.66,MU,2022-02-05 00:51:18
250,Luderitz,-26.6481,15.1594,67.53,74,80,3.8,NA,2022-02-05 00:51:19
251,Kormend,47.011,16.606,34.32,87,99,3.06,HU,2022-02-05 00:51:19
252,Kaitangata,-46.2817,169.8464,59.04,49,28,7.29,NZ,2022-02-05 00:51:12
253,Rio Cauto,20.5603,-76.9161,73.74,65,0,9.82,CU,2022-02-05 00:51:19
254,Aracataca,10.5918,-74.1898,83.98,69,6,2.53,CO,2022-02-05 00:51:20
255,Vostok,46.4856,135.8833,-3.84,90,100,3.44,RU,2022-02-05 00:51:20
256,Qandala,11.472,49.8728,73.45,54,0,1.45,SO,2022-02-05 00:51:21
257,Halifax,44.6453,-63.5724,32.49,99,100,4.0,CA,2022-02-05 00:51:21
258,Ponta Do Sol,32.6667,-17.1,66.7,65,97,3.71,PT,2022-02-05 00:44:16
259,Sibolga,1.7427,98.7792,75.67,85,100,2.37,ID,2022-02-05 00:51:22
260,Mingaora,34.7758,72.3625,36.59,31,0,7.18,PK,2022-02-05 00:49:56
261,Saint George,37.1041,-113.5841,52.27,20,0,3.44,US,2022-02-05 00:46:38
262,Isangel,-19.55,169.2667,78.91,94,100,2.3,VU,2022-02-05 00:51:22
263,Ibra,22.6906,58.5334,60.98,37,5,2.84,OM,2022-02-05 00:51:23
264,Okhotsk,59.3833,143.3,1.89,72,100,15.77,RU,2022-02-05 00:47:51
265,Nikolayevsk-Na-Amure,53.1406,140.73,4.82,91,100,6.51,RU,2022-02-05 00:51:23
266,Sisophon,13.5859,102.9737,72.7,64,17,9.86,KH,2022-02-05 00:51:24
267,Egvekinot,66.3167,-179.1667,-1.98,70,0,12.57,RU,2022-02-05 00:51:24
268,Huilong,31.8111,121.655,44.04,59,34,14.36,CN,2022-02-05 00:51:24
269,Chokwe,-24.5333,32.9833,76.32,75,86,10.04,MZ,2022-02-05 00:51:25
270,Taupo,-38.6833,176.0833,74.55,58,56,2.71,NZ,2022-02-05 00:51:25
271,Ahipara,-35.1667,173.1667,77.23,76,77,16.62,NZ,2022-02-05 00:51:26
272,Pierre,44.3683,-100.351,16.72,41,100,3.0,US,2022-02-05 00:51:26
273,Mahmudabad,27.3,81.1167,49.96,92,0,4.7,IN,2022-02-05 00:51:26
274,Inhambane,-23.865,35.3833,78.76,68,100,9.71,MZ,2022-02-05 00:52:27
275,Thompson,55.7435,-97.8558,-18.24,69,20,5.75,CA,2022-02-05 00:44:11
276,Kochinda,21.7333,84.35,53.44,53,0,2.21,IN,2022-02-05 00:52:27
277,Foumbot,5.5079,10.6356,66.9,40,37,2.44,CM,2022-02-05 00:52:28
278,Huarmey,-10.0681,-78.1522,71.24,82,49,9.1,PE,2022-02-05 00:52:28
279,Kerch,45.3583,36.4758,32.22,67,99,16.98,UA,2022-02-05 00:52:29
280,Namibe,-15.1961,12.1522,71.11,71,14,6.62,AO,2022-02-05 00:52:29
281,Paamiut,61.994,-49.6678,6.89,89,100,8.46,GL,2022-02-05 00:52:30
282,Inongo,-1.95,18.2667,74.08,85,100,0.72,CD,2022-02-05 00:52:30
283,Kushmurun,52.4503,64.6311,18.3,77,100,8.9,KZ,2022-02-05 00:52:30
284,Ponazyrevo,58.3578,46.3142,12.04,91,100,8.23,RU,2022-02-05 00:52:31
285,Arona,28.0996,-16.681,61.75,53,0,1.99,ES,2022-02-05 00:52:31
286,San Ignacio,17.1561,-89.0714,80.74,74,0,6.91,BZ,2022-02-05 00:52:32
287,Manaure,11.7751,-72.4445,77.97,76,0,19.39,CO,2022-02-05 00:52:32
288,Butte,39.6499,-121.5677,60.82,42,0,3.44,US,2022-02-05 00:52:32
289,Nabire,-3.3667,135.4833,84.56,69,100,2.73,ID,2022-02-05 00:52:33
290,Kuli,42.0185,47.2434,23.34,87,93,2.08,RU,2022-02-05 00:52:33
291,Rorvik,64.8621,11.2373,37.89,87,100,34.07,NO,2022-02-05 00:52:33
292,Kahului,20.8947,-156.47,85.26,69,20,14.97,US,2022-02-05 00:52:34
293,Vanavara,60.34,102.2797,5.88,95,100,5.79,RU,2022-02-05 00:52:34
294,Labuhan,-6.8844,112.2051,81.86,77,55,8.52,ID,2022-02-05 00:44:26
295,Haverfordwest,51.8017,-4.9691,44.06,78,8,4.0,GB,2022-02-05 00:52:35
296,Turukhansk,65.8167,87.9833,12.42,94,100,13.35,RU,2022-02-05 00:52:35
297,Caraballeda,10.6112,-66.8522,74.7,85,22,6.6,VE,2022-02-05 00:52:36
298,Ankang,32.68,109.0172,41.99,59,100,4.85,CN,2022-02-05 00:52:36
299,Arraial Do Cabo,-22.9661,-42.0278,76.26,87,100,21.36,BR,2022-02-05 00:51:15
300,Bentonville,36.3728,-94.2088,26.42,50,0,3.44,US,2022-02-05 00:52:17
301,Bilma,18.6853,12.9164,56.53,23,1,4.97,NE,2022-02-05 00:52:37
302,Vila Franca Do Campo,37.7167,-25.4333,60.19,76,100,9.86,PT,2022-02-05 00:52:37
303,Santiago Del Estero,-27.7951,-64.2615,73.92,74,31,4.99,AR,2022-02-05 00:52:38
304,Karratha,-20.7377,116.8463,91.54,53,17,14.34,AU,2022-02-05 00:52:38
305,Saldanha,-33.0117,17.9442,59.05,74,0,12.75,ZA,2022-02-05 00:52:38
306,Noumea,-22.2763,166.4572,91.38,75,100,7.02,NC,2022-02-05 00:52:39
307,Waipawa,-41.4122,175.5153,57.45,93,100,10.49,NZ,2022-02-05 00:50:14
308,Talara,-4.5772,-81.2719,71.71,85,15,13.89,PE,2022-02-05 00:52:36
309,Zhezkazgan,47.8043,67.7144,5.4,86,41,11.43,KZ,2022-02-05 00:52:40
310,Mogadishu,2.0371,45.3438,75.7,86,83,19.22,SO,2022-02-05 00:52:40
311,Pasighat,28.0667,95.3333,55.53,95,100,2.06,IN,2022-02-05 00:52:40
312,Saskylakh,71.9167,114.0833,-8.48,99,99,5.23,RU,2022-02-05 00:52:41
313,Hovd,48.0056,91.6419,-11.97,78,10,3.56,MN,2022-02-05 00:52:41
314,Kibaya,-5.3,36.5667,59.45,98,100,5.3,TZ,2022-02-05 00:52:42
315,Maniitsoq,65.4167,-52.9,6.96,78,100,9.98,GL,2022-02-05 00:52:42
316,Sao Sebastiao,-23.76,-45.4097,76.53,94,100,5.53,BR,2022-02-05 00:52:42
317,Sambava,-14.2667,50.1667,75.9,83,100,3.98,MG,2022-02-05 00:52:43
318,Bastia,42.6667,9.3333,53.29,86,20,1.01,FR,2022-02-05 00:53:43
319,Tabas,33.5959,56.9244,54.7,50,99,5.23,IR,2022-02-05 00:53:43
320,Port Lincoln,-34.7333,135.8667,70.88,66,6,12.66,AU,2022-02-05 00:53:44
321,Krasnoselkup,65.7,82.4667,16.16,96,100,5.79,RU,2022-02-05 00:53:44
322,Taoudenni,22.6783,-3.9836,65.43,14,24,9.46,ML,2022-02-05 00:53:44
323,Douglas,41.3,-96.167,22.89,34,0,1.01,US,2022-02-05 00:53:45
324,Victor Harbor,-35.5667,138.6167,81.72,68,56,11.52,AU,2022-02-05 00:53:45
325,Tarko-Sale,64.9225,77.785,13.96,95,100,10.45,RU,2022-02-05 00:53:46
326,San Quintin,30.4833,-115.95,59.36,48,4,6.67,MX,2022-02-05 00:53:46
327,Glossa,35.4717,23.7763,51.1,76,0,7.09,GR,2022-02-05 00:53:46
328,Maldonado,-34.6667,-54.9167,69.19,95,23,2.95,UY,2022-02-05 00:51:26
329,Verbilki,56.5333,37.6,18.27,100,100,1.52,RU,2022-02-05 00:53:47
330,Bilibino,68.0546,166.4372,-5.89,79,0,4.47,RU,2022-02-05 00:44:15
331,Lokosovo,61.1333,74.8167,11.1,97,100,5.59,RU,2022-02-05 00:53:47
332,Malakal,9.5334,31.6605,73.69,16,100,10.16,SS,2022-02-05 00:53:48
333,Rio Gallegos,-51.6226,-69.2181,53.65,58,0,16.11,AR,2022-02-05 00:44:17
334,Bonavista,48.6499,-53.1147,29.12,94,100,22.91,CA,2022-02-05 00:53:48
335,Lumberton,34.6182,-79.0086,66.58,88,100,13.35,US,2022-02-05 00:53:49
336,Faanui,-16.4833,-151.75,80.58,75,27,13.71,PF,2022-02-05 00:53:49
337,Ostrovnoy,68.0531,39.5131,11.71,87,100,20.07,RU,2022-02-05 00:53:49
338,Karmaskaly,54.3709,56.1837,28.31,90,100,3.33,RU,2022-02-05 00:53:50
339,Komsomolskiy,40.4272,71.7189,35.02,68,100,9.22,UZ,2022-02-05 00:53:50
340,Khandbari,27.3747,87.2039,42.8,79,98,3.13,NP,2022-02-05 00:53:50
341,Kandrian,-6.2167,149.55,88.93,61,60,14.52,PG,2022-02-05 00:53:51
342,Port Keats,-14.25,129.55,84.81,67,72,4.52,AU,2022-02-05 00:53:51
343,Kudinovo,54.9994,36.2533,5.56,100,100,2.19,RU,2022-02-05 00:53:51
344,Coihaique,-45.5752,-72.0662,66.81,48,0,4.61,CL,2022-02-05 00:53:52
345,Sri Aman,1.2376,111.4621,75.25,100,40,0.0,MY,2022-02-05 00:53:52
346,Gravdal,68.1214,13.5031,26.15,79,57,19.48,NO,2022-02-05 00:53:53
347,Ixtapa,20.7,-105.2,73.22,80,10,5.01,MX,2022-02-05 00:53:53
348,Porto Novo,6.4965,2.6036,82.22,86,0,5.91,BJ,2022-02-05 00:53:54
349,Grootfontein,-19.5667,18.1167,67.57,83,100,1.14,NA,2022-02-05 00:53:54
350,Clyde River,70.4692,-68.5914,-9.17,84,100,9.22,CA,2022-02-05 00:53:54
351,Baringo,0.4667,35.9667,69.89,51,87,5.95,KE,2022-02-05 00:53:55
352,Linxia,35.6003,103.2064,18.14,92,100,1.41,CN,2022-02-05 00:53:55
353,Sangar,63.9242,127.4739,-34.67,100,96,0.85,RU,2022-02-05 00:53:55
354,Dubrovytsya,51.5744,26.565,32.14,98,100,9.44,UA,2022-02-05 00:53:56
355,Zatoka,46.0725,30.4654,34.34,68,98,3.69,UA,2022-02-05 00:53:57
356,Vizianagaram,18.1167,83.4167,71.11,58,47,5.3,IN,2022-02-05 00:53:57
357,Harindanga,22.0383,88.3214,62.58,77,0,12.37,IN,2022-02-05 00:53:57
358,Hay River,60.8156,-115.7999,-18.42,76,75,8.05,CA,2022-02-05 00:49:50
359,Rawson,-43.3002,-65.1023,59.25,63,75,20.94,AR,2022-02-05 00:50:49
360,Holme,56.1138,10.1725,35.64,88,26,13.53,DK,2022-02-05 00:53:58
361,Shizuishan,39.2333,106.7694,16.66,40,100,3.83,CN,2022-02-05 00:53:58
362,Ejea De Los Caballeros,42.1263,-1.1372,51.75,74,100,16.06,ES,2022-02-05 00:53:59
363,Norman Wells,65.282,-126.8329,-11.16,64,75,19.57,CA,2022-02-05 00:53:59
364,Nanakuli,21.3906,-158.1547,81.1,64,100,10.36,US,2022-02-05 00:54:59
365,Fortuna,40.5982,-124.1573,55.47,86,0,3.0,US,2022-02-05 00:53:49
366,Auxerre,47.8,3.5667,33.66,91,0,3.65,FR,2022-02-05 00:55:00
367,Suba,10.8438,121.0102,80.2,79,80,23.13,PH,2022-02-05 00:55:00
368,Griffith,41.5284,-87.4237,20.91,84,100,1.99,US,2022-02-05 00:55:01
369,Porbandar,21.6422,69.6093,65.64,62,0,6.02,IN,2022-02-05 00:55:01
370,Russell,32.3502,-85.1999,43.88,89,100,9.22,US,2022-02-05 00:55:02
371,Pangody,65.85,74.4859,11.46,96,100,5.77,RU,2022-02-05 00:55:02
372,Sabha,27.0377,14.4283,48.34,37,0,4.21,LY,2022-02-05 00:55:02
373,Richards Bay,-28.783,32.0377,71.13,93,100,14.45,ZA,2022-02-05 00:55:03
374,Adre,13.4667,22.2,59.18,22,2,19.84,TD,2022-02-05 00:55:03
375,Sobolevo,54.4299,31.8996,-2.07,100,100,5.28,RU,2022-02-05 00:55:03
376,Remanso,-9.6179,-42.0831,79.39,62,80,5.44,BR,2022-02-05 00:55:04
377,Qasigiannguit,68.8193,-51.1922,1.18,91,100,5.44,GL,2022-02-05 00:55:04
378,Torbay,47.6666,-52.7314,32.76,96,100,9.22,CA,2022-02-05 00:55:05
379,Atar,20.5169,-13.0499,69.85,12,56,5.32,MR,2022-02-05 00:55:05
380,Padang,-0.9492,100.3543,73.45,87,97,3.62,ID,2022-02-05 00:52:26
381,Half Moon Bay,37.4636,-122.4286,64.45,53,0,8.05,US,2022-02-05 00:55:06
382,Gat,31.61,34.7642,56.08,100,81,11.61,IL,2022-02-05 00:55:06
383,Nouadhibou,20.931,-17.0347,66.18,68,0,11.5,MR,2022-02-05 00:55:06
384,Port Macquarie,-31.4333,152.9167,73.89,58,97,14.03,AU,2022-02-05 00:55:07
385,Nishihara,26.1842,127.7558,60.08,61,75,16.11,JP,2022-02-05 00:55:07
386,Mugur-Aksy,50.35,90.5,-11.56,66,0,6.15,RU,2022-02-05 00:55:08
387,Karimganj,24.8667,92.35,57.78,91,67,6.87,IN,2022-02-05 00:55:08
388,Goianapolis,-16.5106,-49.0239,78.08,89,100,3.04,BR,2022-02-05 00:55:08
389,Adwa,14.1646,38.8955,59.7,64,4,1.1,ET,2022-02-05 00:55:09
390,Moerai,-22.4333,-151.3333,78.75,76,49,16.33,PF,2022-02-05 00:55:09
391,Sirsi,14.6167,74.85,57.42,91,19,3.02,IN,2022-02-05 00:55:09
392,Juliaca,-15.5,-70.1333,46.89,82,100,2.68,PE,2022-02-05 00:55:10
393,Rincon,32.296,-81.2354,66.16,97,100,8.66,US,2022-02-05 00:55:10
394,Meulaboh,4.1363,96.1285,75.69,87,100,4.05,ID,2022-02-05 00:55:11
395,Denpasar,-8.65,115.2167,82.06,78,40,19.57,ID,2022-02-05 00:52:22
396,Tupancireta,-29.0806,-53.8358,71.19,87,14,3.89,BR,2022-02-05 00:55:11
397,Bandarbeyla,9.4942,50.8122,72.39,75,0,4.27,SO,2022-02-05 00:55:12
398,Ouango,4.3133,22.5552,71.4,44,85,2.75,CF,2022-02-05 00:55:12
399,Krutinka,56.0055,71.5113,18.19,80,100,10.45,RU,2022-02-05 00:55:12
400,Northam,51.0333,-4.2167,45.61,72,6,12.17,GB,2022-02-05 00:55:13
401,Lambare,-25.3468,-57.6065,77.04,94,100,5.75,PY,2022-02-05 00:55:13
402,Ekhabi,53.5102,142.9671,1.99,93,100,21.56,RU,2022-02-05 00:55:14
403,Kaeo,-35.1,173.7833,76.32,88,42,12.53,NZ,2022-02-05 00:55:14
404,Tual,-5.6667,132.75,83.71,78,100,16.96,ID,2022-02-05 00:55:14
405,Bandar-E Lengeh,26.5579,54.8807,62.71,82,0,6.91,IR,2022-02-05 00:55:15
406,Pestravka,52.405,49.9583,29.57,98,100,4.94,RU,2022-02-05 00:55:15
407,Tamandare,-8.7597,-35.1047,78.39,77,1,7.47,BR,2022-02-05 00:55:16
408,Mareeba,-17.0,145.4333,82.67,93,100,1.45,AU,2022-02-05 00:55:16
409,La Ciotat,43.1748,5.6045,55.81,67,98,25.01,FR,2022-02-05 00:55:16
410,Saint-Philippe,-21.3585,55.7679,80.15,88,100,25.61,RE,2022-02-05 00:55:17
411,Stykkisholmur,65.0757,-22.7297,21.74,83,100,17.76,IS,2022-02-05 00:55:17
412,Amlame,7.4667,0.9,73.51,80,1,1.57,TG,2022-02-05 00:55:17
413,Maumere,-8.6199,122.2111,82.76,78,84,10.09,ID,2022-02-05 00:55:18
414,Skjervoy,70.0311,20.9714,22.95,67,96,22.39,NO,2022-02-05 00:56:18
415,Duluth,46.7833,-92.1066,6.28,62,75,9.22,US,2022-02-05 00:52:57
416,Lunavada,23.1333,73.6167,57.31,29,0,0.76,IN,2022-02-05 00:56:19
417,Vila,42.0304,-8.1588,41.32,86,90,4.5,PT,2022-02-05 00:56:19
418,Stromness,58.965,-3.296,37.36,65,35,35.86,GB,2022-02-05 00:56:20
419,Hualmay,-11.0964,-77.6139,70.18,84,34,9.37,PE,2022-02-05 00:56:20
420,Kinablangan,7.6947,126.5503,79.72,82,62,6.58,PH,2022-02-05 00:56:21
421,Dzaoudzi,-12.7887,45.2699,82.29,78,20,8.05,YT,2022-02-05 00:56:21
422,Inirida,3.8653,-67.9239,75.43,88,52,2.66,CO,2022-02-05 00:56:21
423,Samarai,-10.6167,150.6667,85.82,70,95,5.97,PG,2022-02-05 00:56:22
424,Marivan,35.5219,46.176,32.61,98,100,3.83,IR,2022-02-05 00:56:22
425,Grindavik,63.8424,-22.4338,27.07,63,100,21.85,IS,2022-02-05 00:56:23
426,North Bend,43.4065,-124.2243,52.25,96,100,2.59,US,2022-02-05 00:56:23
427,Pokhara,28.2333,83.9833,43.57,92,100,0.83,NP,2022-02-05 00:52:18
428,Kousseri,12.0769,15.0306,69.76,16,51,16.11,CM,2022-02-05 00:56:24
429,Patti,31.2808,74.8572,44.67,93,0,3.36,IN,2022-02-05 00:56:24
430,Shubarshi,48.5872,57.1869,26.85,89,100,16.55,KZ,2022-02-05 00:56:25
431,Nouakchott,18.0858,-15.9785,67.93,38,0,10.11,MR,2022-02-05 00:56:25
432,Honavar,14.2833,74.45,65.1,86,9,4.59,IN,2022-02-05 00:56:26
433,Atbasar,51.8,68.3333,8.65,81,100,7.27,KZ,2022-02-05 00:56:26
434,Poanas,25.7667,-103.6167,49.93,36,0,6.62,MX,2022-02-05 00:56:26
435,Gao,16.6362,1.637,59.43,14,0,11.97,ML,2022-02-05 00:56:27
436,Kutum,14.2,24.6667,52.92,27,0,11.27,SD,2022-02-05 00:56:27
437,Bull Savanna,17.8868,-77.5902,73.78,80,25,5.35,JM,2022-02-05 00:56:27
438,Salamiyah,35.0113,37.0532,43.77,94,22,8.32,SY,2022-02-05 00:56:28
439,Saurimo,-9.6608,20.3916,62.83,96,100,4.03,AO,2022-02-05 00:56:28
440,Sakakah,29.9697,40.2064,47.77,69,1,11.59,SA,2022-02-05 00:56:28
441,Reitz,-27.8014,28.4273,56.53,95,100,17.83,ZA,2022-02-05 00:56:29
442,Dargaville,-35.9333,173.8833,84.13,49,89,11.01,NZ,2022-02-05 00:56:29
443,Xiangfan,32.0422,112.1448,38.75,57,13,3.58,CN,2022-02-05 00:56:30
444,Lokomotivnyy,53.0118,60.5684,17.85,93,100,8.7,RU,2022-02-05 00:56:30
445,Varia,44.5725,-0.1104,47.12,93,100,7.02,FR,2022-02-05 00:56:30
446,Acapulco,16.8634,-99.8901,75.81,74,0,2.04,MX,2022-02-05 00:51:35
447,Alyangula,-13.8483,136.4192,78.67,100,75,3.44,AU,2022-02-05 00:56:31
448,Tecamachalco,18.8833,-97.7333,54.9,76,4,8.79,MX,2022-02-05 00:56:31
449,Bathsheba,13.2167,-59.5167,77.61,69,20,10.36,BB,2022-02-05 00:56:32
450,Baryshivka,50.361,31.3217,22.06,98,65,4.76,UA,2022-02-05 00:56:32
451,Marti,22.9475,-80.9203,74.07,78,6,12.62,CU,2022-02-05 00:56:32
452,Vangaindrano,-23.35,47.6,75.92,93,100,12.95,MG,2022-02-05 00:56:33
453,Moron,-34.6534,-58.6198,74.95,84,100,7.38,AR,2022-02-05 00:56:33
454,Khorixas,-20.3667,14.9667,70.29,53,100,8.41,NA,2022-02-05 00:56:34
455,Makakilo City,21.3469,-158.0858,79.68,60,100,10.36,US,2022-02-05 00:55:14
456,Zambezi,-13.5432,23.1047,62.4,98,98,3.96,ZM,2022-02-05 00:56:34
457,Dandong,40.1292,124.3947,13.93,50,0,11.41,CN,2022-02-05 00:52:47
458,Gushikawa,26.3544,127.8686,60.03,58,41,16.84,JP,2022-02-05 00:56:35
459,Miles City,46.4083,-105.8406,26.76,77,13,9.91,US,2022-02-05 00:56:09
460,Seoul,37.5683,126.9778,22.44,39,0,5.75,KR,2022-02-05 00:54:18
461,Shingu,33.7333,135.9833,40.19,54,9,16.58,JP,2022-02-05 00:57:35
462,Wajid,3.8093,43.2471,72.39,60,17,16.37,SO,2022-02-05 00:57:36
463,Pitkyaranta,61.5734,31.4792,13.69,92,100,17.52,RU,2022-02-05 00:57:36
464,Awbari,26.5921,12.7805,48.29,44,0,5.23,LY,2022-02-05 00:57:37
465,Guanare,9.0418,-69.7421,82.42,57,79,3.44,VE,2022-02-05 00:57:37
466,Kapuskasing,49.4169,-82.4331,-12.91,64,20,1.14,CA,2022-02-05 00:57:37
467,Ndele,8.4109,20.6473,71.01,23,4,5.1,CF,2022-02-05 00:54:04
468,Bireun,5.203,96.7009,76.14,84,100,3.47,ID,2022-02-05 00:57:38
469,Suicheng,33.8963,117.9331,31.86,25,0,6.46,CN,2022-02-05 00:57:38
470,Maragogi,-9.0122,-35.2225,78.66,76,2,7.87,BR,2022-02-05 00:57:39
471,Myitkyina,25.3833,97.4,57.27,68,100,2.15,MM,2022-02-05 00:57:39
472,Ishigaki,24.3448,124.1572,60.93,72,75,17.27,JP,2022-02-05 00:57:39
473,Flinders,-34.5833,150.8552,73.18,61,80,8.01,AU,2022-02-05 00:57:40
474,Verkhnyaya Inta,65.9811,60.3094,3.4,98,100,4.92,RU,2022-02-05 00:57:40
475,San Rafael,-34.6177,-68.3301,66.7,61,19,11.32,AR,2022-02-05 00:57:41
476,Baherden,38.4362,57.4316,54.23,31,0,4.68,TM,2022-02-05 00:57:41
477,Husavik,66.0449,-17.3389,19.31,94,100,4.47,IS,2022-02-05 00:57:41
478,Kurud,20.8322,81.7214,55.38,45,76,2.93,IN,2022-02-05 00:57:42
479,Akyab,20.15,92.9,66.69,71,0,3.56,MM,2022-02-05 00:57:42
480,Penzance,50.1186,-5.5371,46.76,68,6,16.62,GB,2022-02-05 00:57:43
481,Hombourg-Haut,49.1236,6.774,40.57,90,15,7.18,FR,2022-02-05 00:57:43
482,Formiga,-20.4644,-45.4264,68.13,94,100,1.01,BR,2022-02-05 00:57:43
483,Roald,62.5833,6.1333,39.34,65,75,33.38,NO,2022-02-05 00:57:44
484,Tuatapere,-46.1333,167.6833,55.81,53,37,6.38,NZ,2022-02-05 00:57:44
485,Pirgos,35.1167,25.7178,50.63,62,1,7.07,GR,2022-02-05 00:57:45
486,Teruel,40.6667,-0.6667,42.76,87,100,5.01,ES,2022-02-05 00:57:45
487,Xichang,27.8964,102.2634,42.49,76,2,0.87,CN,2022-02-05 00:57:46
488,Bontang,0.1333,117.5,80.47,73,100,2.89,ID,2022-02-05 00:57:46
489,Manggar,-2.8833,108.2667,80.65,79,100,3.98,ID,2022-02-05 00:57:46
490,Muncar,-8.4333,114.3333,76.96,83,95,2.66,ID,2022-02-05 00:57:47
491,Mamallapuram,12.6264,80.1722,78.06,81,73,2.24,IN,2022-02-05 00:52:57
492,Korla,41.7597,86.1469,24.87,46,100,5.77,CN,2022-02-05 00:57:47
493,Bitung,1.4451,125.1824,85.05,75,100,7.99,ID,2022-02-05 00:57:48
494,Lavrentiya,65.5833,-171.0,-7.13,80,1,8.08,RU,2022-02-05 00:57:48
495,Quibor,9.9287,-69.6201,71.74,68,6,4.59,VE,2022-02-05 00:57:48
496,Suf,32.3137,35.8371,42.12,97,98,10.63,JO,2022-02-05 00:57:49
497,Yulara,-25.2406,130.9889,76.84,33,0,12.66,AU,2022-02-05 00:57:49
498,Kushima,31.4583,131.2333,42.84,57,19,12.55,JP,2022-02-05 00:57:50
499,Ejura,7.3856,-1.3562,79.09,56,39,3.36,GH,2022-02-05 00:57:50
500,Srandakan,-7.9386,110.2506,81.45,76,91,5.64,ID,2022-02-05 00:57:50
501,Harper,4.375,-7.7169,79.36,82,52,6.98,LR,2022-02-05 00:57:51
502,Sao Joao Da Barra,-21.6403,-41.0511,76.46,85,96,23.09,BR,2022-02-05 00:57:51
503,Mitu,1.1983,-70.1733,71.91,96,99,2.19,CO,2022-02-05 00:57:52
504,Benguela,-12.5763,13.4055,74.34,73,100,4.97,AO,2022-02-05 00:57:52
505,Port Blair,11.6667,92.75,75.24,94,40,2.3,IN,2022-02-05 00:57:53
506,San Juan Del Cesar,10.7711,-73.0031,77.18,60,54,6.11,CO,2022-02-05 00:57:53
507,Palmer,42.1584,-72.3287,30.85,86,100,1.01,US,2022-02-05 00:55:03
508,Horsham,51.064,-0.3272,40.73,74,0,6.91,GB,2022-02-05 00:58:53
509,Bodrum,37.0383,27.4292,37.33,62,0,11.48,TR,2022-02-05 00:58:54
510,San Carlos De Bariloche,-41.1456,-71.3082,62.35,48,40,2.3,AR,2022-02-05 00:58:43
511,Sorland,67.667,12.6934,31.48,71,100,27.58,NO,2022-02-05 00:58:54
512,Taber,49.8167,-112.1518,44.11,53,100,27.34,CA,2022-02-05 00:58:55
513,Tukrah,32.5341,20.5791,52.23,75,0,7.78,LY,2022-02-05 00:58:55
514,Boguchany,58.3814,97.4531,18.05,94,100,8.72,RU,2022-02-05 00:58:56
515,Derzhavinsk,51.1,66.3167,14.74,74,100,10.87,KZ,2022-02-05 00:58:56
516,Mahina,-17.5065,-149.489,83.97,65,40,18.41,PF,2022-02-05 00:58:56
517,Melbu,68.5044,14.8297,22.53,88,36,10.18,NO,2022-02-05 00:58:57
518,Saint-Francois,46.4154,3.9054,42.67,93,100,8.05,FR,2022-02-05 00:58:57
519,Bereda,43.2686,-7.5406,46.0,100,100,5.17,ES,2022-02-05 00:58:58
520,Mana,5.6592,-53.7767,76.87,85,100,8.1,GF,2022-02-05 00:58:58
521,Vila Velha,-20.3297,-40.2925,78.75,95,75,1.01,BR,2022-02-05 00:58:58
522,Acari,-15.4311,-74.6158,73.26,74,8,4.18,PE,2022-02-05 00:58:59
523,Marystown,47.1666,-55.1483,36.86,100,100,5.99,CA,2022-02-05 00:58:59
524,Dunmore Town,25.5,-76.65,74.89,61,3,11.99,BS,2022-02-05 00:58:59
525,Angleton,29.1694,-95.4319,34.25,80,43,15.7,US,2022-02-05 00:59:00
526,Umm Lajj,25.0213,37.2685,60.55,49,0,8.14,SA,2022-02-05 00:59:00
527,Aleksandrov Gay,50.147,48.5704,31.82,98,100,8.19,RU,2022-02-05 00:59:01
528,Kabalo,-6.05,26.9167,65.89,98,100,3.04,CD,2022-02-05 00:59:01
529,Pyay,18.8167,95.2167,68.79,48,9,3.2,MM,2022-02-05 00:59:02
530,Qujing,25.4833,103.7833,41.23,90,100,6.51,CN,2022-02-05 00:59:02
531,Port Shepstone,-30.7414,30.455,70.27,91,100,7.31,ZA,2022-02-05 00:59:02
532,Qaqortoq,60.7167,-46.0333,3.81,55,8,21.74,GL,2022-02-05 00:59:03
533,Voyvozh,62.892,54.9635,-7.1,100,100,1.23,RU,2022-02-05 00:59:03
534,Kloulklubed,7.0419,134.2556,86.5,77,2,18.05,PW,2022-02-05 00:59:04
535,Mackay,-21.15,149.2,84.69,65,75,20.71,AU,2022-02-05 00:58:21
536,Arawa,-6.2132,155.5367,87.03,70,100,8.34,PG,2022-02-05 00:59:04
537,Meadow Lake,34.8014,-106.5436,32.72,63,0,2.26,US,2022-02-05 00:59:04
538,Hit,33.6416,42.8251,49.42,56,13,10.42,IQ,2022-02-05 00:59:05
539,Newport,51.5877,-2.9984,41.86,83,8,8.63,GB,2022-02-05 00:59:05
540,Ramhormoz,31.28,49.6035,56.32,89,79,6.87,IR,2022-02-05 00:59:06
541,Yurkivka,49.0126,31.1013,19.81,80,22,4.85,UA,2022-02-05 00:59:06
542,Vestmannaeyjar,63.4427,-20.2734,32.02,66,100,30.4,IS,2022-02-05 00:59:07
543,Pitimbu,-7.4706,-34.8086,81.19,71,5,9.75,BR,2022-02-05 00:56:40
544,Khani,41.9563,42.9566,24.37,99,100,3.47,GE,2022-02-05 00:57:48
545,Champerico,14.3,-91.9167,88.34,70,4,8.39,GT,2022-02-05 00:59:07
546,Svetlaya,46.5389,138.3297,10.13,62,100,8.46,RU,2022-02-05 00:59:08
547,Panjab,34.388,67.0233,0.23,43,0,4.18,AF,2022-02-05 00:59:08
548,Sola,-13.8833,167.55,81.27,89,100,0.0,VU,2022-02-05 00:59:08
549,Yaan,7.3833,8.5667,78.66,13,0,10.22,NG,2022-02-05 00:59:09
550,Ust-Tsilma,65.441,52.1498,-15.32,100,91,1.77,RU,2022-02-05 00:59:09
551,Maceio,-9.6658,-35.7353,76.44,83,20,3.44,BR,2022-02-05 00:56:56
552,Chiguayante,-36.9167,-73.0167,55.63,80,5,3.98,CL,2022-02-05 00:59:10
553,Menongue,-14.6585,17.691,62.44,98,100,5.1,AO,2022-02-05 01:22:05
554,Viedma,-40.8135,-62.9967,64.69,67,100,20.74,AR,2022-02-05 01:20:26
555,Shaoyang,27.2315,111.4525,40.75,75,12,3.56,CN,2022-02-05 01:22:05
556,Traverse City,44.7631,-85.6206,16.0,86,40,0.0,US,2022-02-05 01:19:25
557,Listowel,52.4464,-9.485,42.51,79,81,14.34,IE,2022-02-05 01:22:06
558,Pinawa,50.1489,-95.8811,-18.74,100,83,3.11,CA,2022-02-05 01:22:06
559,Camocim,-2.9022,-40.8411,77.9,86,60,10.71,BR,2022-02-05 01:18:53
560,Tazovskiy,67.4667,78.7,7.16,96,100,6.62,RU,2022-02-05 01:22:07
561,Ukiah,39.1502,-123.2078,63.52,46,0,4.61,US,2022-02-05 01:22:07
562,Belaya Gora,68.5333,146.4167,-37.53,99,44,1.45,RU,2022-02-05 01:22:08
563,Russellville,35.2784,-93.1338,31.73,96,5,4.0,US,2022-02-05 01:22:08
564,Polson,47.6936,-114.1632,39.72,66,100,13.0,US,2022-02-05 01:22:08
565,Carutapera,-1.195,-46.02,75.78,94,100,5.28,BR,2022-02-05 01:22:09
566,Mions,45.6643,4.9499,43.84,90,75,2.3,FR,2022-02-05 01:22:09
567,Takoradi,4.8845,-1.7554,79.09,83,23,5.21,GH,2022-02-05 01:22:09
568,Mahajanga,-15.7167,46.3167,80.62,83,40,5.75,MG,2022-02-05 01:22:10
569,Sonamura,23.4719,91.2664,59.0,91,6,11.68,IN,2022-02-05 01:22:10
570,Tautira,-17.7333,-149.15,86.02,75,20,13.76,PF,2022-02-05 01:22:11
571,Xam Nua,20.4197,104.0439,51.12,84,97,3.06,LA,2022-02-05 01:22:11
572,Pemangkat,1.1667,108.9667,78.24,85,100,8.7,ID,2022-02-05 01:22:11
573,Tiznit,29.5833,-9.5,62.06,32,100,2.17,MA,2022-02-05 01:22:12
574,Panzhihua,26.5851,101.7128,48.13,64,0,1.34,CN,2022-02-05 01:22:12
575,La Palma,33.8464,-118.0467,69.98,26,0,4.0,US,2022-02-05 01:21:39
576,Anchorage,61.2181,-149.9003,30.65,89,75,3.0,US,2022-02-05 01:20:50
577,College,64.8569,-147.8028,6.8,63,75,3.44,US,2022-02-05 01:22:13
578,Kwinana,-32.25,115.7667,97.18,32,0,11.03,AU,2022-02-05 01:22:13
579,Leshukonskoye,64.8989,45.7622,-10.35,100,99,3.91,RU,2022-02-05 01:22:14
580,Calama,-22.4667,-68.9333,61.29,12,0,14.97,CL,2022-02-05 01:22:14
581,Fairbanks,64.8378,-147.7164,8.1,64,100,3.44,US,2022-02-05 01:18:15
