City_ID,City,Lat,Lng,Max Temp,Humidity,Cloudiness,Wind Speed,Country
0,Tasiilaq,65.6145,-37.6368,17.76,59,97,9.66,GL
1,Rikitea,-23.1203,-134.9692,79.2,73,97,10.67,PF
2,Sinnamary,5.3833,-52.95,76.59,89,78,10.94,GF
3,Bredasdorp,-34.5322,20.0403,68.29,77,83,21.85,ZA
4,Wladyslawowo,54.7909,18.4009,38.75,80,98,21.45,PL
5,Krasnoselkup,65.7,82.4667,-16.56,100,93,5.12,RU
6,Manadhoo,5.7667,73.3833,80.46,67,21,7.23,MV
7,Hoopstad,-27.8327,25.9083,65.77,72,21,12.53,ZA
8,Okhotsk,59.3833,143.3,-5.46,70,37,13.47,RU
9,Ostuni,40.7276,17.5764,51.58,84,94,9.19,IT
10,Kaitangata,-46.2817,169.8464,51.4,73,96,7.58,NZ
11,Tullow,52.8003,-6.7369,49.24,94,100,17.78,IE
12,Ushuaia,-54.8,-68.3,56.82,58,40,24.16,AR
13,Avarua,-21.2078,-159.775,80.65,89,40,17.27,CK
14,Hobart,-42.8794,147.3294,65.05,63,75,1.99,AU
15,Lagunas,-5.2269,-75.6753,84.51,63,69,4.14,PE
16,Vaini,-21.2,-175.2,77.16,100,100,12.66,TO
17,Matola,-25.9622,32.4589,70.12,97,70,8.93,MZ
18,Tiksi,71.6872,128.8694,-22.25,98,92,7.52,RU
19,Norman Wells,65.282,-126.8329,-3.66,91,98,6.67,CA
20,Puerto Ayora,-0.7393,-90.3518,77.56,87,67,5.01,EC
21,Talnakh,69.4865,88.3972,-19.05,100,99,2.37,RU
22,Terrasini,38.146,13.0844,54.46,82,0,3.44,IT
23,Saskylakh,71.9167,114.0833,-28.28,100,99,3.49,RU
24,Castro,-24.7911,-50.0119,65.62,97,74,7.09,BR
25,Necochea,-38.5473,-58.7368,61.03,68,100,20.13,AR
26,Saint-Philippe,-21.3585,55.7679,80.19,83,100,17.74,RE
27,Barrow,71.2906,-156.7887,-18.38,69,0,11.5,US
28,Kinablangan,7.6947,126.5503,78.12,84,42,6.69,PH
29,Dikson,73.5069,80.5464,-19.43,100,99,3.27,RU
30,Istria,44.5667,28.7167,41.97,83,62,13.09,RO
31,Lompoc,34.6391,-120.4579,73.71,32,0,13.8,US
32,Verkh-Chebula,56.0308,87.6218,12.63,85,100,6.17,RU
33,Pochutla,15.7432,-96.4661,87.82,41,3,6.02,MX
34,Laramie,41.3114,-105.5911,32.79,59,100,20.71,US
35,Mayo,38.8876,-76.5119,31.95,49,0,5.99,US
36,Touros,-5.1989,-35.4608,80.13,70,9,13.33,BR
37,Busselton,-33.65,115.3333,67.05,83,14,6.53,AU
38,Tuatapere,-46.1333,167.6833,54.82,73,99,4.88,NZ
39,Torbay,47.6666,-52.7314,48.97,94,100,29.93,CA
40,Port Alfred,-33.5906,26.891,70.36,86,87,26.35,ZA
41,Port Lincoln,-34.7333,135.8667,74.55,56,98,16.93,AU
42,Urusha,54.05,122.9,-7.71,92,75,4.12,RU
43,Port-Gentil,-0.7193,8.7815,79.39,81,9,12.3,GA
44,Kavieng,-2.5744,150.7967,82.98,73,63,5.03,PG
45,Atuona,-9.8,-139.0333,78.8,78,10,22.5,PF
46,Jamestown,42.097,-79.2353,13.33,67,0,0.0,US
47,Fochville,-26.4886,27.4939,62.47,91,43,10.18,ZA
48,Khatanga,71.9667,102.5,-21.73,97,99,3.53,RU
49,Maltahohe,-24.8333,16.9833,77.41,37,94,18.34,NA
50,East London,-33.0153,27.9116,69.67,86,100,16.31,ZA
51,Punta Arenas,-53.15,-70.9167,53.26,82,100,8.14,CL
52,Upernavik,72.7868,-56.1549,-3.28,99,100,4.12,GL
53,Husavik,66.0449,-17.3389,29.32,94,100,32.59,IS
54,Hami,42.8,93.45,25.81,29,100,6.62,CN
55,Severo-Kurilsk,50.6789,156.125,28.83,82,95,10.09,RU
56,Nikolskoye,59.7035,30.7861,26.87,95,100,7.54,RU
57,Ovre Ardal,61.3167,7.8,27.61,97,98,6.35,NO
58,Imeni Poliny Osipenko,52.4201,136.4853,0.37,91,100,4.99,RU
59,Ratnagiri,16.9833,73.3,67.17,84,63,5.57,IN
60,Dingle,10.9995,122.6711,74.95,85,91,10.89,PH
61,Lakes Entrance,-37.8811,147.981,69.17,62,24,8.41,AU
62,Victor Harbor,-35.5667,138.6167,81.72,71,88,14.07,AU
63,Tuktoyaktuk,69.4541,-133.0374,-32.8,75,20,11.5,CA
64,Los Llanos De Aridane,28.6585,-17.9182,63.12,43,0,7.0,ES
65,Albany,42.6001,-73.9662,15.28,56,4,3.0,US
66,Taitung,22.7583,121.1444,61.07,82,75,3.44,TW
67,Mana,5.6592,-53.7767,76.55,88,41,9.73,GF
68,New Norfolk,-42.7826,147.0587,65.71,55,91,2.39,AU
69,Kodiak,57.79,-152.4072,38.71,87,100,14.97,US
70,Alindao,5.0267,21.2088,75.49,27,100,0.69,CF
71,Souillac,-20.5167,57.5167,79.36,83,40,11.5,MU
72,Mosquera,4.7059,-74.2302,54.95,90,90,2.26,CO
73,Qaanaaq,77.484,-69.3632,0.25,97,100,3.87,GL
74,Nagato,34.3833,131.2,33.21,54,53,23.55,JP
75,Adrar,20.5022,-10.0711,66.78,7,0,9.31,MR
76,Kapaa,22.0752,-159.319,81.12,63,0,1.99,US
77,Montepulciano,43.1017,11.7868,44.58,87,5,2.06,IT
78,Chokurdakh,70.6333,147.9167,-31.74,100,100,1.72,RU
79,Mar Del Plata,-38.0023,-57.5575,63.09,80,100,1.99,AR
80,Broome,42.2506,-75.833,13.01,75,0,1.01,US
81,Gobabis,-22.45,18.9667,69.76,71,95,2.84,NA
82,Mataura,-46.1927,168.8643,54.48,66,98,4.07,NZ
83,Khandyga,62.6667,135.6,-46.35,100,82,2.59,RU
84,San Juan,-31.5375,-68.5364,66.18,49,91,15.93,AR
85,Lata,40.1629,-8.3327,46.06,78,0,3.98,PT
86,Hasaki,35.7333,140.8333,27.0,41,21,11.97,JP
87,Bambous Virieux,-20.3428,57.7575,79.21,83,40,11.5,MU
88,Port Blair,11.6667,92.75,77.85,82,68,6.17,IN
89,Lady Lake,28.9175,-81.9229,56.75,82,100,9.22,US
90,Hilo,19.7297,-155.09,76.73,78,100,0.0,US
91,College,64.8569,-147.8028,14.2,78,100,0.0,US
92,Freetown,8.484,-13.2299,77.04,78,70,7.9,SL
93,Sao Joao Da Barra,-21.6403,-41.0511,77.36,84,26,27.04,BR
94,Teguise,29.0605,-13.564,62.82,63,0,13.8,ES
95,Acapulco,16.8634,-99.8901,84.02,70,0,10.36,MX
96,Toamasina,-18.1667,49.3833,81.14,71,100,15.01,MG
97,Cape Town,-33.9258,18.4232,72.01,64,0,1.01,ZA
98,Kousseri,12.0769,15.0306,67.98,14,1,12.3,CM
99,Socorro,31.6546,-106.3033,48.38,28,0,0.0,US
100,Guatire,10.4762,-66.5427,70.47,95,72,2.91,VE
101,Sept-Iles,50.2001,-66.3821,3.06,61,27,3.0,CA
102,Victoria,22.2855,114.1577,59.32,83,99,1.01,HK
103,Uruburetama,-3.625,-39.5083,74.97,85,34,3.09,BR
104,High Level,58.5169,-117.136,8.2,94,100,1.86,CA
105,Jiangyou,31.7667,104.7167,39.6,97,100,3.4,CN
106,Esperance,-33.8667,121.9,69.28,62,5,18.37,AU
107,Jacareacanga,-6.2222,-57.7528,74.82,98,88,1.41,BR
108,Hithadhoo,-0.6,73.0833,81.77,74,72,10.69,MV
109,Shache,38.4167,77.2406,29.71,61,100,2.93,CN
110,Marysville,48.0518,-122.1771,49.46,88,75,1.01,US
111,Samarai,-10.6167,150.6667,82.53,74,100,6.58,PG
112,Bluff,-46.6,168.3333,54.81,63,62,11.5,NZ
113,Vila Velha,-20.3297,-40.2925,77.95,86,49,8.01,BR
114,Nizhneangarsk,55.7833,109.55,3.87,95,100,1.95,RU
115,Ulladulla,-35.35,150.4667,68.88,74,100,12.03,AU
116,Ponta Do Sol,32.6667,-17.1,67.01,58,9,11.74,PT
117,Iqaluit,63.7506,-68.5145,-35.63,98,96,3.11,CA
118,Carnarvon,-24.8667,113.6333,77.07,88,75,10.36,AU
119,Chuy,-33.6971,-53.4616,67.35,89,53,10.71,UY
120,Constitucion,-35.3333,-72.4167,65.66,65,1,14.07,CL
121,Arraial Do Cabo,-22.9661,-42.0278,77.16,84,52,26.75,BR
122,Tiarei,-17.5333,-149.3333,86.02,75,9,19.77,PF
123,Bela,25.9333,81.9833,48.54,87,0,3.74,IN
124,Batonyterenye,47.9696,19.8408,32.41,75,42,6.64,HU
125,Longyearbyen,78.2186,15.6401,10.24,61,20,20.71,SJ
126,Gotsu,35.0,132.2167,36.1,55,100,22.19,JP
127,Harper,4.375,-7.7169,79.63,85,15,8.16,LR
128,Chazuta,-6.5742,-76.1367,86.85,68,83,1.99,PE
129,Gat,31.61,34.7642,52.39,100,79,7.63,IL
130,Coos Bay,43.3665,-124.2179,60.31,87,35,10.16,US
131,Dwarka,22.2394,68.9678,68.5,63,0,5.37,IN
132,Tekeli,44.83,78.8239,17.87,57,0,12.88,KZ
133,Idritsa,56.3316,28.8988,31.33,92,100,9.95,RU
134,Constantine,36.365,6.6147,47.61,71,75,5.75,DZ
135,Rawson,-43.3002,-65.1023,61.56,46,0,10.6,AR
136,Yellowknife,62.456,-114.3525,-11.58,86,80,5.01,CA
137,Gamba,-2.65,10.0,76.41,87,41,5.93,GA
138,Guerrero Negro,27.9769,-114.0611,68.92,25,0,11.03,MX
139,Thompson,55.7435,-97.8558,-9.58,93,100,3.13,CA
140,Moron,-34.6534,-58.6198,67.96,82,51,10.36,AR
141,Anadyr,64.75,177.4833,-23.03,98,24,4.25,RU
142,Bumbuna,9.05,-11.7333,71.74,43,44,2.15,SL
143,Puerto Colombia,10.9878,-74.9547,84.29,81,7,25.32,CO
144,Chicama,-7.8447,-79.1469,66.74,68,11,9.42,PE
145,Nanortalik,60.1432,-45.2371,8.89,62,78,14.25,GL
146,Ubrique,36.6778,-5.446,52.92,76,16,4.52,ES
147,Grindavik,63.8424,-22.4338,27.07,74,75,2.3,IS
148,San Vicente,-26.6167,-54.1333,67.69,93,97,1.07,AR
149,Cutervo,-6.379,-78.8157,52.74,83,87,5.79,PE
150,Ostrovnoy,68.0531,39.5131,16.02,83,100,29.73,RU
151,Sorland,67.667,12.6934,39.76,71,94,24.74,NO
152,Tilichiki,60.4667,166.1,-5.46,75,25,8.55,RU
153,Qaqortoq,60.7167,-46.0333,1.9,75,53,6.38,GL
154,Stephenville,32.2207,-98.2023,50.34,31,0,9.22,US
155,Tsalka,41.5946,44.0891,11.12,74,37,7.72,GE
156,Salinas,36.6777,-121.6555,67.98,40,0,3.44,US
157,Ejido,8.5514,-71.2375,68.18,86,95,2.51,VE
158,Zavodouspenskoye,56.8626,65.0155,12.49,94,100,3.74,RU
159,Kahului,20.8947,-156.47,78.84,81,13,8.01,US
160,Gayny,60.3071,54.3241,9.16,99,92,4.07,RU
161,Bilma,18.6853,12.9164,59.72,20,0,6.17,NE
162,Lima,-12.0432,-77.0282,71.38,82,0,1.01,PE
163,Altay,47.8667,88.1167,6.98,49,0,9.84,CN
164,Bara,10.3744,10.7288,66.67,28,0,9.91,NG
165,Paamiut,61.994,-49.6678,-4.63,86,69,11.01,GL
166,Krasnovishersk,60.4078,57.082,1.35,99,59,3.27,RU
167,Butaritari,3.0707,172.7902,82.74,73,43,18.77,KI
168,Suntar,62.1444,117.6319,-5.55,99,97,4.03,RU
169,Haines Junction,60.7522,-137.5108,30.27,93,100,4.81,CA
170,Bengkulu,-3.8004,102.2655,72.77,96,100,7.83,ID
171,Ilulissat,69.2167,-51.1,-1.12,76,100,8.01,GL
172,Balkanabat,39.5108,54.3671,39.87,74,92,14.79,TM
173,Ginir,7.1333,40.7,58.91,22,92,5.99,ET
174,Saldanha,-33.0117,17.9442,67.82,72,34,4.14,ZA
175,Isangel,-19.55,169.2667,84.31,89,75,10.36,VU
176,Atar,20.5169,-13.0499,72.05,10,0,4.12,MR
177,Fengzhen,40.4394,113.1536,10.67,54,5,1.16,CN
178,Vao,-22.6667,167.4833,80.19,86,30,11.65,NC
179,Saint Anthony,45.0205,-93.218,25.3,66,100,5.01,US
180,San Policarpo,12.1791,125.5072,80.02,76,90,18.61,PH
181,Panorama,40.5878,23.0315,45.9,61,97,4.0,GR
182,Dunedin,-45.8742,170.5036,52.81,83,66,7.0,NZ
183,Ucluelet,48.9329,-125.5528,48.09,89,100,1.01,CA
184,Avera,33.194,-82.5271,48.74,44,2,5.86,US
185,Hermanus,-34.4187,19.2345,68.81,84,23,13.82,ZA
186,Lesnoy,57.6198,63.0784,12.22,94,100,3.29,RU
187,Rudnogorsk,57.2639,103.7519,19.18,93,100,9.93,RU
188,Taoudenni,22.6783,-3.9836,70.45,10,99,10.0,ML
189,Lumeje,-11.55,20.7833,63.14,88,97,4.83,AO
190,Yar-Sale,66.8333,70.8333,-11.63,100,82,2.95,RU
191,Konza,-1.7426,37.1294,62.24,78,100,2.33,KE
192,Mackenzie,55.2999,-123.1698,36.93,94,79,6.15,CA
193,Georgetown,5.4112,100.3354,78.89,84,20,2.3,MY
194,Nishihara,26.1842,127.7558,56.48,54,40,14.97,JP
195,Lorengau,-2.0226,147.2712,83.48,71,85,7.14,PG
196,Fortuna,40.5982,-124.1573,65.43,61,0,0.0,US
197,Yongan,39.6957,113.6871,13.23,52,20,1.25,CN
198,Te Anau,-45.4167,167.7167,59.52,49,13,4.43,NZ
199,Nkan,0.3833,9.7833,76.26,91,42,3.0,GA
200,Padang,-0.9492,100.3543,73.99,94,100,3.22,ID
201,Kamenka,51.3223,42.7678,-5.01,100,75,5.3,RU
202,Mount Gambier,-37.8333,140.7667,72.75,43,59,6.62,AU
203,Agronom,45.1387,39.1939,30.83,86,75,6.71,RU
204,Hadejia,12.4498,10.0444,64.87,21,0,10.47,NG
205,Maxixe,-23.8597,35.3472,77.18,74,8,14.36,MZ
206,Ajdovscina,45.886,13.9095,46.67,95,97,4.52,SI
207,Alugan,12.2188,125.4808,79.45,78,87,17.67,PH
208,Cidreira,-30.1811,-50.2056,74.34,90,100,2.84,BR
209,Banjar,-8.19,114.9675,80.46,87,81,2.42,ID
210,Ponta Delgada,37.7333,-25.6667,59.5,82,20,11.5,PT
211,Dhidhdhoo,6.8833,73.1,79.54,70,38,5.73,MV
212,Ancud,-41.8697,-73.8203,66.22,70,20,3.09,CL
213,Margate,51.3813,1.3862,51.04,74,100,11.01,GB
214,Wilmington,34.2257,-77.9447,44.51,45,0,9.22,US
215,Brufut,13.3814,-16.7518,73.49,68,0,5.75,GM
216,Ammon,43.4696,-111.9666,26.65,73,0,8.05,US
217,Quatre Cocos,-20.2078,57.7625,79.09,82,100,16.98,MU
218,Shimoda,34.6667,138.95,38.1,59,4,25.05,JP
219,Mantua,45.1667,10.7833,46.49,81,0,2.95,IT
220,Zhuanghe,39.7008,122.9911,16.38,69,0,7.47,CN
221,Wanning,18.8003,110.3967,65.91,86,93,9.44,CN
222,Biltine,14.5333,20.9167,62.51,18,2,19.04,TD
223,Puro,12.4841,123.3827,77.2,81,83,12.57,PH
224,Sanming,26.2486,117.6186,48.92,92,100,2.62,CN
225,Glossa,35.4717,23.7763,55.09,86,34,8.08,GR
226,Karratha,-20.7377,116.8463,84.43,72,63,8.68,AU
227,Okato,-39.2,173.8833,68.92,97,100,10.92,NZ
228,Camapua,-19.5314,-54.0439,74.77,91,95,4.16,BR
229,Saint George,37.1041,-113.5841,61.27,17,50,1.01,US
230,Ribeira Grande,38.5167,-28.7,60.21,75,25,10.76,PT
231,Laje,-10.1833,-40.9667,76.32,65,91,5.7,BR
232,Miguel Hidalgo,19.4225,-99.2028,68.97,34,40,3.0,MX
233,Naze,28.3667,129.4833,45.52,67,100,16.13,JP
234,Geraldton,-28.7667,114.6,75.61,83,100,6.91,AU
235,Cabo San Lucas,22.8909,-109.9124,73.62,63,0,1.99,MX
236,Komsomolskiy,40.4272,71.7189,38.62,32,100,4.61,UZ
237,Zhatay,62.1594,129.8294,-25.55,68,99,2.24,RU
238,Novyy Urgal,51.0736,132.5642,-20.07,99,99,0.96,RU
239,Miri,4.4148,114.0089,75.54,94,100,4.52,MY
240,Cocorit,27.5833,-109.9667,75.54,20,0,7.49,MX
241,Port Elizabeth,-33.918,25.5701,70.11,81,50,20.4,ZA
242,Bonthe,7.5264,-12.505,76.77,85,35,5.73,SL
243,Yingcheng,30.95,113.55,37.26,62,100,7.83,CN
244,Sidi Ali,36.0998,0.4206,52.16,76,83,3.4,DZ
245,Melfi,40.9965,15.6514,47.5,94,100,3.44,IT
246,Awjilah,29.1081,21.2869,55.78,49,0,6.69,LY
247,Olafsvik,64.8945,-23.7142,30.94,80,100,36.44,IS
248,Mangai,-4.05,19.5333,70.84,95,58,0.18,CD
249,Senneterre,48.3835,-77.2328,-5.04,96,96,2.19,CA
250,Hendek,40.7994,30.7481,23.32,68,4,6.35,TR
251,Ankazoabo,-22.2833,44.5167,71.29,90,100,18.3,MG
252,Bandarbeyla,9.4942,50.8122,74.01,73,74,9.71,SO
253,Roald,62.5833,6.1333,38.34,87,75,21.85,NO
254,Takoradi,4.8845,-1.7554,80.02,86,23,7.58,GH
255,Arlit,18.7369,7.3853,61.12,16,0,4.56,NE
256,Katghora,22.5,82.55,50.49,38,34,5.91,IN
257,La Ronge,55.1001,-105.2842,1.04,95,100,3.09,CA
258,Tabou,4.423,-7.3528,79.7,86,10,7.67,CI
259,General Roca,-39.0333,-67.5833,74.28,27,0,9.69,AR
260,Kirakira,-10.4544,161.9205,84.4,77,90,7.65,SB
261,Shingu,33.7333,135.9833,38.91,61,45,12.93,JP
262,Vila Franca Do Campo,37.7167,-25.4333,59.2,82,91,12.33,PT
263,Yumen,40.2833,97.2,15.28,39,100,12.8,CN
264,Mahebourg,-20.4081,57.7,79.25,83,40,11.5,MU
265,Salalah,17.0151,54.0924,69.93,77,7,5.37,OM
266,Lebu,-37.6167,-73.65,60.76,78,10,20.56,CL
267,Aswan,24.0934,32.907,51.78,49,0,12.3,EG
268,Seredka,58.1584,28.1858,31.87,91,100,7.94,RU
269,Souris,49.6172,-100.2612,8.74,97,99,2.86,CA
270,Westport,41.1415,-73.3579,25.75,66,0,4.0,US
271,Sitka,57.0531,-135.33,40.89,81,100,26.46,US
272,Sorong,-0.8833,131.25,81.23,81,100,12.12,ID
273,Kaputa,-8.4689,29.6619,66.61,88,97,2.33,ZM
274,Lasa,46.6166,10.7002,33.3,44,3,3.11,IT
275,Rach Gia,10.0167,105.0833,73.35,79,51,6.71,VN
276,Alausi,-2.2,-78.8333,50.65,96,98,3.98,EC
277,Keti Bandar,24.1447,67.4497,69.19,60,0,8.3,PK
278,Tallahassee,30.4383,-84.2807,50.86,59,75,5.75,US
279,Khed Brahma,24.0333,73.05,59.43,32,0,4.54,IN
280,Norsup,-16.0667,167.3833,83.68,77,98,13.42,VU
281,Zhangjiakou,40.81,114.8794,9.72,68,2,4.99,CN
282,Pevek,69.7008,170.3133,-26.99,98,33,2.1,RU
283,Kaeo,-35.1,173.7833,78.33,94,89,7.74,NZ
284,Abnub,27.2696,31.1511,50.58,56,0,5.95,EG
285,Greenville,35.6127,-77.3663,40.95,45,0,8.05,US
286,Nome,64.5011,-165.4064,-0.33,60,0,3.44,US
287,Kimberley,-28.7323,24.7623,72.36,56,92,15.61,ZA
288,Pontianak,-0.0333,109.3333,75.18,94,75,0.0,ID
289,Faanui,-16.4833,-151.75,81.59,72,12,20.4,PF
290,Mount Isa,-20.7333,139.5,83.97,34,0,8.05,AU
291,Calama,-22.4667,-68.9333,70.29,10,0,26.46,CL
292,Hay River,60.8156,-115.7999,-2.13,96,92,3.04,CA
293,Boa Vista,2.8197,-60.6733,84.18,61,40,5.75,BR
294,Provideniya,64.3833,-173.3,-3.26,85,2,10.0,RU
295,Saint-Augustin,51.226,-58.6502,2.98,93,100,17.63,CA
296,Gore,-46.1028,168.9436,54.23,70,99,3.87,NZ
297,Benicarlo,40.4165,0.4271,50.56,51,81,8.68,ES
298,Baruun-Urt,46.6806,113.2792,-3.15,90,8,5.77,MN
299,Ivanovka,42.8878,75.085,23.43,31,53,6.96,KG
300,Zunyi,27.6867,106.9072,36.34,86,100,6.73,CN
301,Kupang,-10.1667,123.5833,79.54,85,63,9.84,ID
302,Crixas,-14.5489,-49.9692,75.47,85,93,1.97,BR
303,Mangan,27.5167,88.5333,40.1,76,0,9.57,IN
304,San Clemente,33.427,-117.612,77.54,27,4,8.01,US
305,Villa Guerrero,18.8667,-99.65,74.82,39,40,4.99,MX
306,Baiyin,36.5583,104.2081,13.82,93,100,3.33,CN
307,Vertou,47.1687,-1.4693,46.74,100,0,8.05,FR
308,Aklavik,68.2191,-135.0107,-35.68,89,14,0.51,CA
309,Nemuro,43.3236,145.575,23.11,72,84,18.12,JP
310,Muros,42.7762,-9.0603,50.23,75,1,10.89,ES
311,Poronaysk,49.2167,143.1167,12.0,83,100,10.22,RU
312,Pacora,9.0833,-79.2833,84.96,54,20,17.27,PA
313,Sokoni,-6.4333,39.55,80.08,76,100,6.26,TZ
314,Severo-Yeniseyskiy,60.3725,93.0408,9.97,93,100,8.52,RU
315,Taunggyi,20.7833,97.0333,49.24,94,7,5.32,MM
316,Carutapera,-1.195,-46.02,75.6,93,100,6.42,BR
317,Portland,45.5234,-122.6762,53.78,74,40,1.01,US
318,San Juan Ixcoy,15.5997,-91.4453,61.65,95,98,3.51,GT
319,Brae,60.3964,-1.353,37.31,58,100,37.56,GB
320,Udachnyy,66.4167,112.4,-32.57,100,91,2.46,RU
321,Vestmannaeyjar,63.4427,-20.2734,28.83,72,91,12.95,IS
322,Airai,-8.9266,125.4092,64.63,84,92,1.19,TL
323,Carupano,10.6678,-63.2585,76.41,84,8,11.27,VE
324,Bethel,41.3712,-73.414,24.04,71,75,1.99,US
325,Hualmay,-11.0964,-77.6139,72.39,77,24,11.3,PE
326,Cuiluan,47.72,128.648,-8.88,99,97,3.71,CN
327,Canazas,8.3167,-81.2167,79.83,54,16,9.28,PA
328,Malakal,9.5334,31.6605,71.47,16,24,8.93,SS
329,Manzhouli,49.6,117.4333,-6.39,95,93,7.09,CN
330,Leshukonskoye,64.8989,45.7622,4.01,93,98,8.16,RU
331,Alofi,-19.0595,-169.9187,79.92,80,98,15.68,NU
332,Wahiawa,21.5028,-158.0236,79.12,64,40,6.91,US
333,Laguna,38.421,-121.4238,68.65,43,0,1.99,US
334,Kangaatsiaq,68.3065,-53.4641,-9.33,95,79,7.27,GL
335,Sao Borja,-28.6606,-56.0044,81.95,33,50,9.4,BR
336,Brazzaville,-4.2658,15.2832,74.62,87,19,2.08,CG
337,Mkushi,-13.6202,29.3939,60.73,97,75,2.44,ZM
338,Ossora,59.2353,163.0719,13.55,81,100,11.41,RU
339,Cherskiy,68.75,161.3,-32.44,97,19,1.23,RU
340,Nantucket,41.2835,-70.0995,26.96,55,0,16.11,US
341,Chudey,48.0525,25.6221,35.85,85,51,6.08,UA
342,Strezhevoy,60.7333,77.5889,15.78,96,100,6.17,RU
343,San Patricio,28.017,-97.5169,54.54,29,0,4.68,US
344,Port Hardy,50.6996,-127.4199,45.09,84,100,7.92,CA
345,The Valley,18.217,-63.0578,76.1,94,75,9.22,AI
346,Batemans Bay,-35.7167,150.1833,68.92,76,99,9.93,AU
347,Ahipara,-35.1667,173.1667,75.04,86,99,5.91,NZ
348,Lagoa,39.05,-27.9833,58.91,75,15,17.13,PT
349,Vardo,70.3705,31.1107,26.78,79,94,28.41,NO
350,Narsaq,60.9167,-46.05,1.62,71,50,5.82,GL
351,Jambi,-1.6,103.6167,72.97,98,100,2.95,ID
352,Kaura Namoda,12.5898,6.5779,67.37,15,1,11.63,NG
353,Maua,-23.6678,-46.4614,76.8,82,84,6.73,BR
354,Santa Isabel Do Rio Negro,-0.4139,-65.0192,75.34,96,100,1.74,BR
355,Richards Bay,-28.783,32.0377,71.31,88,98,7.23,ZA
356,Khorramabad,33.4878,48.3558,38.5,83,92,1.54,IR
357,Tamiahua,21.2667,-97.45,56.7,53,29,9.46,MX
358,Hofn,64.2539,-15.2082,28.2,64,71,13.51,IS
359,Williams Lake,52.1415,-122.1445,36.03,98,100,2.33,CA
360,Tevriz,57.509,72.4042,11.57,90,100,4.76,RU
361,Zhigansk,66.7697,123.3711,-26.84,99,100,5.73,RU
362,Honiara,-9.4333,159.95,85.12,74,87,5.55,SB
363,Mitsamiouli,-11.3847,43.2844,81.72,75,99,10.04,KM
364,Redmond,47.674,-122.1215,50.9,84,79,4.0,US
365,Aykhal,66.0,111.5,-12.19,100,94,3.94,RU
366,Ust-Nera,64.5667,143.2,-24.47,68,7,1.57,RU
367,Acari,-15.4311,-74.6158,75.61,67,1,7.61,PE
368,Camacha,33.0833,-16.3333,63.54,82,40,21.85,PT
369,Hastings,50.8552,0.5729,51.39,82,100,33.42,GB
370,Baikunthpur,23.25,82.55,46.74,58,6,3.09,IN
371,Nyurba,63.2842,118.3319,-24.05,100,80,2.33,RU
372,Costa Rica,-23.4167,-54.65,69.46,98,100,3.44,BR
373,Pacific Grove,36.6177,-121.9166,69.62,55,0,3.0,US
374,Pervomayskoye,43.919,46.7102,31.6,66,75,12.5,RU
375,Sibolga,1.7427,98.7792,75.07,90,100,1.86,ID
376,Huilong,31.8111,121.655,38.03,60,44,5.48,CN
377,Salvador,13.8333,-88.9167,79.2,39,52,9.19,SV
378,Albanel,48.8832,-72.4487,-1.95,81,31,7.56,CA
379,Sao Paulo De Olivenca,-3.3783,-68.8725,73.89,92,89,2.57,BR
380,Hamilton,39.1834,-84.5333,22.98,78,75,1.01,US
381,Bani Walid,31.7566,13.9942,57.4,31,90,2.73,LY
382,Dodola,6.9833,39.1833,53.47,40,71,2.17,ET
383,Vagur,61.4732,-6.8119,36.86,63,100,41.41,FO
384,Bathsheba,13.2167,-59.5167,79.41,69,40,12.66,BB
385,Raudeberg,61.9875,5.1352,37.2,91,100,10.0,NO
386,Huarmey,-10.0681,-78.1522,73.76,76,12,10.69,PE
387,Shubarshi,48.5872,57.1869,23.76,98,100,1.7,KZ
388,Bluefield,37.2698,-81.2223,27.07,68,0,1.01,US
389,Papetoai,-17.4961,-149.8729,85.59,72,2,18.57,PF
390,Iglesias,39.3114,8.535,47.79,86,100,5.93,IT
391,Sambava,-14.2667,50.1667,74.95,89,99,3.98,MG
392,Port Hueneme,34.1478,-119.1951,77.2,15,0,13.8,US
393,Caravelas,-17.7125,-39.2481,77.79,79,100,8.28,BR
394,Hokitika,-42.7167,170.9667,64.17,58,100,8.05,NZ
395,Half Moon Bay,37.4636,-122.4286,67.5,51,0,11.5,US
396,Mumford,5.2618,-0.759,80.11,85,8,7.65,GH
397,Nice,44.0,7.25,38.03,78,9,4.56,FR
398,San Cristobal,7.7669,-72.225,73.58,90,79,2.62,VE
399,Abengourou,6.7297,-3.4964,75.42,84,17,4.34,CI
400,Mehamn,71.0357,27.8492,20.84,87,21,18.28,NO
401,Bonavista,48.6499,-53.1147,43.12,99,100,7.36,CA
402,Jalu,29.0331,21.5482,55.74,48,0,5.88,LY
403,Kikwit,-5.041,18.8162,70.47,94,56,0.4,CD
404,Vostok,46.4856,135.8833,-10.12,98,100,3.11,RU
405,Abu Dhabi,24.4667,54.3667,69.91,70,0,1.99,AE
406,Mahajanga,-15.7167,46.3167,79.79,80,100,11.68,MG
407,Praya,14.9215,-23.5087,70.34,78,0,13.8,CV
408,Oranjestad,12.524,-70.027,78.75,69,20,11.5,AW
409,Luwingu,-10.2621,29.9271,61.68,96,98,4.07,ZM
410,Bassano,50.7834,-112.4685,45.1,74,34,7.72,CA
411,Kroya,-7.6331,109.2461,77.18,86,99,3.62,ID
412,Guanica,17.9716,-66.908,75.43,88,97,1.99,PR
413,San Luis,-33.295,-66.3356,64.4,48,44,11.21,AR
414,San Ramon De La Nueva Oran,-23.1322,-64.326,78.35,92,52,4.38,AR
415,Siguiri,11.6667,-9.5,75.4,12,9,3.18,GN
416,Juquia,-24.3208,-47.6347,78.62,82,80,3.78,BR
417,Hambantota,6.1241,81.1185,72.0,86,63,13.56,LK
418,Viseu,40.661,-7.9097,42.87,71,1,6.98,PT
419,Turayf,31.6725,38.6637,41.94,89,8,7.65,SA
420,Aljezur,37.3191,-8.8033,51.51,88,11,6.71,PT
421,Kikerino,59.4667,29.6333,24.49,97,100,5.44,RU
422,Pangkalanbuun,-2.6833,111.6167,73.58,96,100,2.19,ID
423,Innisfail,-17.5333,146.0333,83.21,84,78,9.01,AU
424,Tezu,27.9167,96.1667,53.33,95,100,2.19,IN
425,Springbok,-29.6643,17.8865,79.84,30,59,3.24,ZA
426,Mongo,12.1844,18.693,68.14,16,3,7.52,TD
427,Valdivia,-39.8142,-73.2459,77.09,38,2,3.2,CL
428,Kargasok,59.0556,80.8572,19.29,92,100,6.42,RU
429,Luangwa,-15.6167,30.4167,70.63,98,89,1.77,ZM
430,Lavrentiya,65.5833,-171.0,-15.07,95,8,9.66,RU
431,Sur,22.5667,59.5289,70.79,52,0,5.99,OM
432,Esna,25.2934,32.554,52.02,51,0,9.86,EG
433,Broken Hill,-31.95,141.4333,73.65,37,2,19.08,AU
434,Atasu,48.6814,71.6433,13.57,66,3,15.08,KZ
435,Sao Filipe,14.8961,-24.4956,72.91,73,0,11.59,CV
436,Semporna,4.4818,118.6112,77.58,85,100,5.03,MY
437,Khajuraho,24.85,79.9333,50.43,59,0,2.89,IN
438,Charters Towers,-20.1,146.2667,77.81,56,1,13.09,AU
439,Santa Rosa,14.3122,121.1114,78.85,70,95,14.88,PH
440,Douglas,41.3,-96.167,51.73,27,0,6.91,US
441,Bereda,43.2686,-7.5406,39.58,98,7,2.89,ES
442,Ilhabela,-23.7781,-45.3581,77.99,91,100,6.2,BR
443,Buraydah,26.326,43.975,51.98,46,0,8.34,SA
444,Malatya,38.5,38.0,19.45,80,0,4.61,TR
445,Tatarskaya Kargala,51.9495,55.1731,21.22,96,98,4.52,RU
446,Cururupu,-1.8283,-44.8683,74.75,95,84,3.36,BR
447,Radford,37.1318,-80.5764,30.87,59,0,1.01,US
448,Makakilo City,21.3469,-158.0858,80.92,60,75,10.36,US
449,Katherine,-14.4667,132.2667,77.32,88,94,4.61,AU
450,Nelson Bay,-32.7167,152.15,73.0,67,84,1.99,AU
451,Altamira,-3.2033,-52.2064,74.37,96,92,2.1,BR
452,Kieta,-6.2167,155.6333,85.15,70,77,8.25,PG
453,Sabha,27.0377,14.4283,53.96,29,0,7.45,LY
454,Dullewala,31.8359,71.4362,53.42,49,61,5.88,PK
455,Rio Tercero,-32.173,-64.1141,66.79,46,69,13.04,AR
456,North Bend,43.4065,-124.2243,59.23,77,0,6.91,US
457,Manta,-0.95,-80.7333,80.38,78,75,4.61,EC
458,Sladkovo,55.5284,70.3385,11.07,78,100,8.77,RU
459,Xingyi,24.1877,102.817,46.51,97,96,5.5,CN
460,Paranga,56.7039,49.4047,22.01,98,100,3.83,RU
461,Shurugwi,-19.6702,30.0059,57.52,90,46,9.46,ZW
462,Zenzeli,45.9241,47.0474,30.31,70,99,16.37,RU
463,West Odessa,31.8424,-102.4988,50.72,23,0,12.66,US
464,Atchison,39.563,-95.1216,46.63,70,2,18.41,US
465,Aguazul,5.1728,-72.5471,83.3,54,91,3.78,CO
466,Pilar,-9.5972,-35.9567,75.13,69,98,7.02,BR
467,Dalbandin,28.8947,64.4101,56.8,45,2,5.14,PK
468,Port Macquarie,-31.4333,152.9167,68.9,70,97,15.68,AU
469,Salina Cruz,16.1667,-95.2,73.02,51,3,30.22,MX
470,Eston,51.1501,-108.7514,33.69,85,100,15.64,CA
471,Ipixuna,-1.7625,-48.8043,80.55,97,100,4.45,BR
472,Telford,52.6766,-2.4493,48.51,78,75,26.46,GB
473,Loiza,18.4313,-65.8802,74.86,94,100,6.91,PR
474,Clyde River,70.4692,-68.5914,-28.97,68,100,2.3,CA
475,Buta,2.7858,24.73,69.64,39,87,1.86,CD
476,La Union,-5.4,-80.75,81.01,49,6,19.64,PE
477,Kizema,61.113,44.8302,2.55,98,72,4.29,RU
478,Plouzane,48.3833,-4.6167,50.32,90,75,14.97,FR
479,Pringsewu,-5.3582,104.9744,72.39,97,100,1.7,ID
480,Aksarka,66.5606,67.7975,-20.83,100,67,2.89,RU
481,Naifaru,5.4444,73.3657,80.85,66,36,7.72,MV
482,Tigil,57.8,158.6667,13.17,81,54,6.89,RU
483,Shellbrook,53.2168,-106.4011,-2.97,93,100,1.19,CA
484,Honningsvag,70.9821,25.9704,30.22,70,64,30.44,NO
485,Beringovskiy,63.05,179.3167,-9.09,92,60,13.87,RU
486,Atbasar,51.8,68.3333,5.25,82,93,10.16,KZ
487,Moindou,-21.6924,165.677,80.55,78,63,8.5,NC
488,Lazaro Cardenas,17.9583,-102.2,80.58,59,0,9.28,MX
489,Kamyshevatskaya,46.4132,37.9563,34.75,99,93,12.15,RU
490,Mudgee,-32.5943,149.5871,64.78,88,40,10.36,AU
491,Kruisfontein,-34.0033,24.7314,67.89,79,61,14.58,ZA
492,Hervey Bay,-25.2986,152.8535,78.04,80,82,13.0,AU
493,Nouadhibou,20.931,-17.0347,64.38,94,0,14.97,MR
494,Tomatlan,19.9333,-105.25,82.22,46,51,5.91,MX
495,Beian,63.6559,9.5683,36.01,64,40,17.27,NO
496,Namatanai,-3.6667,152.4333,84.45,66,70,10.2,PG
497,Shitanjing,39.2342,106.3439,14.09,37,100,3.83,CN
498,Changli,39.7042,119.1506,18.19,54,0,6.98,CN
499,Ramapuram,13.1167,79.2,68.88,96,88,1.63,IN
500,Osakarovka,50.565,72.5692,7.48,63,6,10.54,KZ
501,Aksu,41.1231,80.2644,22.55,68,82,6.02,CN
502,Piacenza,45.0468,9.6994,42.87,89,0,2.53,IT
503,Mali,12.079,-12.2982,67.32,13,0,2.57,GN
504,Sosva,59.1766,61.8558,17.22,97,100,5.46,RU
505,Sao Jose Da Coroa Grande,-8.8978,-35.1478,78.85,71,69,10.16,BR
506,Sakakah,29.9697,40.2064,45.97,69,30,7.67,SA
507,Kurilsk,45.2333,147.8833,22.23,86,100,16.51,RU
508,Okaihau,-35.3167,173.7833,75.52,94,99,6.2,NZ
509,Canto Do Buriti,-8.11,-42.9444,77.09,66,27,2.1,BR
510,Itarema,-2.9248,-39.9167,79.14,79,15,10.58,BR
511,Marathon,44.9,-89.7668,18.28,62,40,1.01,US
512,Tual,-5.6667,132.75,83.39,74,96,8.63,ID
513,Alghero,40.5589,8.3181,50.99,87,0,3.44,IT
514,Storslett,69.7678,21.0247,23.34,81,83,17.54,NO
515,Pizarro,4.9533,-77.366,77.83,84,79,1.21,CO
516,Coquimbo,-29.9533,-71.3436,64.13,82,40,11.5,CL
517,Kawalu,-7.3817,108.2082,72.5,95,95,2.55,ID
518,Kharan,28.5833,65.4167,57.47,23,0,5.39,PK
519,Flinders,-34.5833,150.8552,71.2,73,79,11.01,AU
520,Jieshou,33.2634,115.3611,32.09,42,83,6.08,CN
521,Puerto Leguizamo,-0.1934,-74.7819,76.17,94,72,1.14,CO
522,Harrisburg,40.2737,-76.8844,26.1,61,83,8.01,US
523,Abonnema,4.7084,6.7931,79.14,80,4,6.08,NG
524,Peabiru,-23.9128,-52.3431,69.37,96,100,2.66,BR
525,Golspie,57.9727,-3.978,37.54,87,70,20.92,GB
526,Bundaberg,-24.85,152.35,79.21,62,23,5.99,AU
527,Lucera,41.5082,15.3351,40.82,91,63,4.61,IT
528,Dryden,49.7833,-92.7503,9.73,94,100,4.65,CA
529,Mecca,21.4267,39.8261,61.45,46,2,7.83,SA
530,Cayenne,4.9333,-52.3333,80.1,84,56,4.0,GF
531,Jablah,35.3614,35.9256,46.69,87,40,5.75,SY
532,Berlevag,70.8578,29.0864,24.44,82,55,25.81,NO
533,Melo,-32.3667,-54.1833,75.42,49,34,12.19,UY
534,Praia Da Vitoria,38.7333,-27.0667,57.76,94,40,15.84,PT
535,Krosno Odrzanskie,52.0549,15.0988,40.77,72,100,15.01,PL
536,Vanavara,60.34,102.2797,16.0,92,100,10.33,RU
537,Shiyan,32.6475,110.7781,34.23,57,100,4.29,CN
538,Gorontalo,0.5412,123.0595,75.34,92,87,3.49,ID
539,Rio Grande,-32.035,-52.0986,74.95,80,33,6.69,BR
540,Terrace Bay,48.7834,-87.1,11.82,91,100,15.61,CA
541,Arica,-18.475,-70.3042,72.95,64,0,5.75,CL
542,Durres,41.3231,19.4414,44.78,71,100,5.91,AL
543,Vryburg,-26.9566,24.7284,66.42,72,2,6.58,ZA
544,Gela,37.0803,14.2307,55.09,80,100,4.41,IT
545,Kedrovyy,56.1667,91.8167,21.87,85,99,7.16,RU
546,Alekseyevskaya,50.2896,42.1845,-1.43,100,42,4.72,RU
547,Grenfell,-33.9,148.1667,66.9,51,2,16.26,AU
548,Codrington,-38.2667,141.9667,68.74,53,61,11.63,AU
549,Alice Springs,-23.7,133.8833,69.35,60,0,0.0,AU
550,Taltal,-25.4,-70.4833,69.64,69,23,4.56,CL
551,Benguela,-12.5763,13.4055,76.14,70,100,4.12,AO
552,Nazareno,25.3833,-103.4167,57.51,29,7,7.18,MX
553,Kavaratti,10.5669,72.642,77.97,63,14,8.34,IN
554,Phrae,18.0833,100.0,68.68,90,97,2.66,TH
555,Sioux Lookout,50.1001,-91.917,8.98,78,100,5.75,CA
556,Carballo,43.213,-8.691,47.86,87,3,3.58,ES
557,Mwingi,-0.9344,38.0601,69.1,62,100,2.44,KE
558,Minab,27.1467,57.0801,64.72,82,1,0.0,IR
559,Sailana,23.4667,74.9167,55.63,30,1,5.86,IN
560,Liku,-0.7275,119.8922,76.66,89,100,3.15,ID
561,Rameswaram,9.2833,79.3,79.21,74,97,18.28,IN
562,Maragogi,-9.0122,-35.2225,79.02,68,74,9.98,BR
563,Chak Azam Sahu,30.75,73.0333,48.42,68,86,6.69,PK
564,Bahia De Caraquez,-0.6,-80.4167,80.78,81,68,8.72,EC
565,Kalmunai,7.4167,81.8167,73.81,78,83,6.06,LK
566,Ler,8.3018,30.1418,74.64,17,72,9.24,SS
567,Kemi,65.8596,24.8228,26.37,86,100,13.8,FI
568,Ravar,31.2656,56.8055,45.68,49,0,0.2,IR
569,Flin Flon,54.7682,-101.865,-2.36,65,75,5.75,CA
570,Araouane,18.9048,-3.5265,65.5,11,60,9.08,ML
571,Cairns,-16.9167,145.7667,83.07,77,40,11.5,AU
572,Saint-Georges,12.0564,-61.7485,78.48,78,20,12.66,GD
573,Talladega,33.4359,-86.1058,43.99,33,0,6.91,US
574,Kathu,7.9178,98.3332,80.42,78,78,19.86,TH
575,Yuzhno-Kurilsk,44.0306,145.8556,23.02,76,100,19.82,RU
576,Santa Vitoria Do Palmar,-33.5189,-53.3681,67.6,90,37,8.34,BR
577,Port Hedland,-20.3167,118.5667,86.05,79,74,9.22,AU
578,Aguimes,27.9054,-15.4461,65.03,32,0,11.5,ES
579,Magrath,49.4167,-112.8686,44.74,55,97,6.71,CA
580,Nakonde,-9.3421,32.745,59.14,96,100,3.09,ZM
581,Atlantic City,39.3643,-74.4229,28.98,54,0,11.5,US
582,Senno,59.5336,33.9167,18.27,94,100,9.46,RU
583,Sabang,5.8933,95.3214,81.0,75,96,12.48,ID
584,Ocos,14.5094,-92.1933,86.9,60,3,8.39,GT
585,Thongwa,16.7619,96.5278,75.36,86,34,5.75,MM
586,Henties Bay,-22.116,14.2845,66.85,81,30,2.89,NA
587,Sao Geraldo Do Araguaia,-6.4006,-48.555,75.13,95,100,1.81,BR
588,Marsh Harbour,26.5412,-77.0636,73.72,61,0,7.4,BS
589,Acarau,-2.8856,-40.12,79.09,80,20,11.21,BR
590,Vero Beach,27.6386,-80.3973,68.0,84,100,4.0,US
591,Oktyabrskoye,43.0645,44.7417,15.35,92,41,4.47,RU
592,Almaty,43.25,76.95,15.71,93,20,4.47,KZ
593,Conde,-7.2597,-34.9075,78.26,78,20,5.75,BR
594,Namibe,-15.1961,12.1522,73.27,65,100,10.16,AO
595,Jasper,37.2001,-94.3502,41.34,42,0,12.66,US
596,Am Timan,11.0297,20.2827,73.72,19,100,7.38,TD
597,Chilca,-12.5211,-76.7372,72.09,84,33,6.78,PE
598,Oranjemund,-28.55,16.4333,66.61,81,66,4.47,NA
599,Praia,14.9215,-23.5087,70.34,78,0,13.8,CV
600,Chapais,49.7834,-74.8492,-4.22,95,95,4.25,CA
601,Milkovo,54.7167,158.6167,15.82,95,100,4.7,RU
602,Fonte Boa,-2.4959,-66.2662,74.25,95,100,1.03,BR
603,Korla,41.7597,86.1469,22.6,42,68,9.08,CN
604,Gao,16.6362,1.637,63.3,13,0,11.81,ML
605,Saint-Joseph,-21.3667,55.6167,79.18,81,100,12.68,RE
606,Lambarene,-0.7001,10.2406,75.36,93,11,5.5,GA
607,Sakaiminato,35.55,133.2333,33.78,80,75,13.8,JP
608,Trinidad,-14.8333,-64.9,85.98,74,75,2.3,BO
609,Eregli,37.5133,34.0467,24.06,68,4,3.87,TR
610,Lincoln,40.8,-96.667,55.31,22,0,8.05,US
611,Rocha,-34.4833,-54.3333,65.21,79,28,8.7,UY
612,Porto Novo,6.4965,2.6036,82.22,86,0,6.51,BJ
613,Mubende,0.5606,31.39,62.37,89,100,1.16,UG
614,Lugovoy,42.9472,72.7644,32.63,45,100,5.77,KZ
615,Sola,-13.8833,167.55,82.0,79,96,18.97,VU
616,Newport,51.5877,-2.9984,50.86,89,100,8.01,GB
617,Ishigaki,24.3448,124.1572,60.93,82,75,19.57,JP
618,Fairbanks,64.8378,-147.7164,14.22,78,100,0.0,US
619,Hohoe,7.1518,0.4736,76.28,50,1,4.25,GH
620,Tevaitoa,-16.7833,-151.5,81.34,73,6,19.8,PF
621,San Ramon,37.7799,-121.978,66.43,42,0,3.0,US
622,Tagcatong,9.0022,125.2569,75.6,82,63,6.22,PH
623,Sampit,-2.5333,112.95,73.62,99,100,1.66,ID
624,Ambilobe,-13.2,49.05,72.7,96,89,3.87,MG
625,Lake Havasu City,34.4839,-114.3224,69.1,10,0,11.01,US
626,Elat,29.5581,34.9482,53.44,50,20,4.61,IL
627,Bani,18.2833,-70.3333,74.64,68,1,13.0,DO
628,Manaure,11.7751,-72.4445,78.78,72,47,19.06,CO
629,Deputatskiy,69.3,139.9,-29.36,97,95,2.86,RU
630,Uray,60.1247,64.7758,17.2,97,100,6.17,RU
631,Kysucke Nove Mesto,49.3,18.7833,36.32,88,66,1.14,SK
632,Kokopo,-4.352,152.2633,82.51,64,90,4.52,PG
633,Ayagoz,47.9714,80.4392,-3.41,84,1,7.36,KZ
634,Aranos,-24.1333,19.1167,79.75,40,69,10.47,NA
635,Tazovskiy,67.4667,78.7,-15.54,100,85,6.96,RU
636,Santa Maria,-29.6842,-53.8069,78.67,60,96,1.72,BR
637,Katsuura,35.1333,140.3,37.51,47,6,14.72,JP
638,Baoning,25.3378,110.026,40.86,93,100,4.47,CN
639,Grand Gaube,-20.0064,57.6608,79.38,77,100,8.99,MU
640,Sembabule,-0.0772,31.4567,63.9,83,100,1.14,UG
641,Roma,43.2128,-75.4557,13.86,74,0,6.91,US
642,Santarem,-2.4431,-54.7083,77.13,100,40,1.14,BR
643,Berdigestyakh,62.0989,126.6992,-20.33,100,99,1.52,RU
644,Wamba,8.9333,8.6,71.65,21,1,4.5,NG
645,Cowansville,45.2001,-72.7491,5.38,68,99,4.61,CA
646,Kyra,49.5776,111.9753,-4.72,94,25,3.71,RU
647,Terrace,54.5163,-128.6035,42.71,75,100,18.41,CA
648,Russell,32.3502,-85.1999,47.8,45,0,4.88,US
649,Matamoros,25.5333,-103.25,59.11,33,40,5.75,MX
650,Teluk Nibung,3.001,99.8164,74.98,92,100,5.41,ID
651,Mundo Nuevo,18.7,-95.5,61.83,74,96,19.64,MX
652,Menongue,-14.6585,17.691,60.04,97,100,3.22,AO
653,Kailaras,26.3167,77.6167,49.69,66,0,3.27,IN
654,Keene,42.9337,-72.2781,18.91,68,0,4.61,US
655,La Mirada,33.9172,-118.012,77.67,14,0,3.44,US
656,Novikovo,51.1537,37.8879,16.72,96,100,7.49,RU
657,Phatthalung,7.5,100.0833,73.35,85,96,10.54,TH
658,Launceston,-41.45,147.1667,68.14,59,40,1.99,AU
659,Samarinda,-0.5,117.15,74.19,95,100,2.19,ID
660,Puerto Carreno,6.189,-67.4859,89.44,40,68,3.76,CO
661,Birao,10.2849,22.7882,70.93,16,87,11.43,CF
662,Puerto Montt,-41.4698,-72.9447,63.43,67,0,12.66,CL
663,Surgut,61.25,73.4167,15.98,85,100,11.01,RU
664,Ibotirama,-12.1853,-43.2206,76.01,74,98,4.79,BR
665,Martapura,-3.4167,114.85,75.29,100,40,2.3,ID
666,Klaksvik,62.2266,-6.589,32.92,83,82,18.25,FO
667,Solton,52.8429,86.4787,-3.86,100,97,2.01,RU
668,Tessalit,20.1986,1.0114,62.44,15,0,11.03,ML
669,Ous,60.9058,61.5186,8.82,98,98,5.5,RU
670,Gaozhou,21.9392,110.8461,56.41,75,97,3.67,CN
671,Inuvik,68.3499,-133.7218,-33.74,71,20,0.0,CA
672,Lucea,18.451,-78.1736,78.66,63,24,13.02,JM
673,Snezhnogorsk,69.1933,33.2531,17.38,84,100,18.7,RU
674,Edson,53.5835,-116.4356,41.14,42,75,24.16,CA
675,Kapoeta,4.7717,33.5903,82.2,30,92,6.4,SS
676,Batagay,67.6333,134.6333,-40.81,98,100,1.5,RU
677,Biak,-0.9131,122.8766,77.2,81,100,1.41,ID
678,Lahij,13.1667,44.5833,71.65,64,66,2.57,YE
679,Tateyama,34.9833,139.8667,41.27,47,16,13.67,JP
680,Napanee,44.2501,-76.9494,10.85,87,22,2.77,CA
681,Kuloy,61.0305,42.4925,4.64,97,64,4.41,RU
682,Luena,-11.7833,19.9167,59.63,93,100,4.52,AO
683,Curaca,-8.9903,-39.9094,86.74,33,100,7.63,BR
